,o1,o2,o3,o4,o5,o6,o7,o8,o9,o10,o11,o12,o13,o14,o15,o16,o17,o18,o19,o20,o21,o22,o23,o24,o25,o26,o27,o28,o29,o30,o31,o32,o33
pmc001,PMNP,PMNP,PMNP,PMNP,PMNP,PMNP,PMNP,PMNP,PMNP,PMNP,PMNP,PMNP,PMNP,PMNP,PMNP,PMNP,PMNP,PMNP,PMNP,PMNP,PMNP,PMNP,PMNP,PMNP,PMNP,PMNP,PMNP,PMNP,PMNP,PMNP,PMNP,PMNP,PMNP
pmc006,PMNP,PMNP,PMNP,PMNP,PMNP,PMNP,PMNP,PMNP,PMNP,PMNP,PMNP,PMNP,PMNP,PMNP,PMNP,PMNP,PMNP,PMNP,PMNP,PMNP,PMNP,PMNP,PMNP,PMNP,PMNP,PMNP,PMNP,PMNP,PMNP,PMNP,PMNP,PMNP,PMNP
pmc007,PMNP,PMNP,PMNP,PMNP,PMNP,PMNP,PMNP,PMNP,PMNP,PMNP,PMNP,PMNP,PMNP,PMNP,PMNP,PMNP,PMNP,PMNP,PMNP,PMNP,PMNP,PMNP,PMNP,PMNP,PMNP,PMNP,PMNP,PMNP,PMNP,PMNP,PMNP,PMNP,PMNP
pmc012,PMNP,PMNP,PMNP,PMNP,PMNP,PMNP,PMNP,PMNP,PMNP,PMNP,PMNP,PMNP,PMNP,PMNP,PMNP,PMNP,PMNP,PMNP,PMNP,PMNP,PMNP,PMNP,PMNP,PMNP,PMNP,PMNP,PMNP,PMNP,PMNP,PMNP,PMNP,PMNP,PMNP
pmc013,PMNP,PMNP,PMNP,PMNP,PMNP,PMNP,PMNP,PMNP,PMNP,PMNP,PMNP,PMNP,PMNP,PMNP,PMNP,PMNP,PMNP,PMNP,PMNP,PMNP,PMNP,PMNP,PMNP,PMNP,PMNP,PMNP,PMNP,PMNP,PMNP,PMNP,PMNP,PMNP,PMNP
pmc014,PMNP,PMNP,PMNP,PMNP,PMNP,PMNP,PMNP,PMNP,PMNP,PMNP,PMNP,PMNP,PMNP,PMNP,PMNP,PMNP,PMNP,PMNP,PMNP,PMNP,PMNP,PMNP,PMNP,PMNP,PMNP,PMNP,PMNP,PMNP,PMNP,PMNP,PMNP,PMNP,PMNP
pmc015,PMNP,PMNP,PMNP,PMNP,PMNP,PMNP,PMNP,PMNP,PMNP,PMNP,PMNP,PMNP,PMNP,PMNP,PMNP,PMNP,PMNP,PMNP,PMNP,PMNP,PMNP,PMNP,PMNP,PMNP,PMNP,PMNP,PMNP,PMNP,PMNP,PMNP,PMNP,PMNP,PMNP
pmc019,PMNP,PMNP,PMNP,PMNP,PMNP,PMNP,PMNP,PMNP,PMNP,PMNP,PMNP,PMNP,PMNP,PMNP,PMNP,PMNP,PMNP,PMNP,PMNP,PMNP,PMNP,PMNP,PMNP,PMNP,PMNP,PMNP,PMNP,PMNP,PMNP,PMNP,PMNP,PMNP,PMNP
pmc020,PMNP,PMNP,PMNP,PMNP,PMNP,PMNP,PMNP,PMNP,PMNP,PMNP,PMNP,PMNP,PMNP,PMNP,PMNP,PMNP,PMNP,PMNP,PMNP,PMNP,PMNP,PMNP,PMNP,PMNP,PMNP,PMNP,PMNP,PMNP,PMNP,PMNP,PMNP,PMNP,PMNP
pmc021,PMNP,PMNP,PMNP,PMNP,PMNP,PMNP,PMNP,PMNP,PMNP,PMNP,PMNP,PMNP,PMNP,PMNP,PMNP,PMNP,PMNP,PMNP,PMNP,PMNP,PMNP,PMNP,PMNP,PMNP,PMNP,PMNP,PMNP,PMNP,PMNP,PMNP,PMNP,PMNP,PMNP
pmc022,PMNP,PMNP,PMNP,PMNP,PMNP,PMNP,PMNP,PMNP,PMNP,PMNP,PMNP,PMNP,PMNP,PMNP,PMNP,PMNP,PMNP,PMNP,PMNP,PMNP,PMNP,PMNP,PMNP,PMNP,PMNP,PMNP,PMNP,PMNP,PMNP,PMNP,PMNP,PMNP,PMNP
pmc023,PMNP,PMNP,PMNP,PMNP,PMNP,PMNP,PMNP,PMNP,PMNP,PMNP,PMNP,PMNP,PMNP,PMNP,PMNP,PMNP,PMNP,PMNP,PMNP,PMNP,PMNP,PMNP,PMNP,PMNP,PMNP,PMNP,PMNP,PMNP,PMNP,PMNP,PMNP,PMNP,PMNP
pmc024,PMNP,PMNP,PMNP,PMNP,PMNP,PMNP,PMNP,PMNP,PMNP,PMNP,PMNP,PMNP,PMNP,PMNP,PMNP,PMNP,PMNP,PMNP,PMNP,PMNP,PMNP,PMNP,PMNP,PMNP,PMNP,PMNP,PMNP,PMNP,PMNP,PMNP,PMNP,PMNP,PMNP
pmc025,PMNP,PMNP,PMNP,PMNP,PMNP,PMNP,PMNP,PMNP,PMNP,PMNP,PMNP,PMNP,PMNP,PMNP,PMNP,PMNP,PMNP,PMNP,PMNP,PMNP,PMNP,PMNP,PMNP,PMNP,PMNP,PMNP,PMNP,PMNP,PMNP,PMNP,PMNP,PMNP,PMNP
pmc026,PMNP,PMNP,PMNP,PMNP,PMNP,PMNP,PMNP,PMNP,PMNP,PMNP,PMNP,PMNP,PMNP,PMNP,PMNP,PMNP,PMNP,PMNP,PMNP,PMNP,PMNP,PMNP,PMNP,PMNP,PMNP,PMNP,PMNP,PMNP,PMNP,PMNP,PMNP,PMNP,PMNP
pmc027,PMNP,PMNP,PMNP,PMNP,PMNP,PMNP,PMNP,PMNP,PMNP,PMNP,PMNP,PMNP,PMNP,PMNP,PMNP,PMNP,PMNP,PMNP,PMNP,PMNP,PMNP,PMNP,PMNP,PMNP,PMNP,PMNP,PMNP,PMNP,PMNP,PMNP,PMNP,PMNP,PMNP
pmc028,PMNP,PMNP,PMNP,PMNP,PMNP,PMNP,PMNP,PMNP,PMNP,PMNP,PMNP,PMNP,PMNP,PMNP,PMNP,PMNP,PMNP,PMNP,PMNP,PMNP,PMNP,PMNP,PMNP,PMNP,PMNP,PMNP,PMNP,PMNP,PMNP,PMNP,PMNP,PMNP,PMNP
pmc029,PMNP,PMNP,PMNP,PMNP,PMNP,PMNP,PMNP,PMNP,PMNP,PMNP,PMNP,PMNP,PMNP,PMNP,PMNP,PMNP,PMNP,PMNP,PMNP,PMNP,PMNP,PMNP,PMNP,PMNP,PMNP,PMNP,PMNP,PMNP,PMNP,PMNP,PMNP,PMNP,PMNP
pmc030,PMNP,PMNP,PMNP,PMNP,PMNP,PMNP,PMNP,PMNP,PMNP,PMNP,PMNP,PMNP,PMNP,PMNP,PMNP,PMNP,PMNP,PMNP,PMNP,PMNP,PMNP,PMNP,PMNP,PMNP,PMNP,PMNP,PMNP,PMNP,PMNP,PMNP,PMNP,PMNP,PMNP
pmc031,PMNP,PMNP,PMNP,PMNP,PMNP,PMNP,PMNP,PMNP,PMNP,PMNP,PMNP,PMNP,PMNP,PMNP,PMNP,PMNP,PMNP,PMNP,PMNP,PMNP,PMNP,PMNP,PMNP,PMNP,PMNP,PMNP,PMNP,PMNP,PMNP,PMNP,PMNP,PMNP,PMNP
pmc032,PMNP,PMNP,PMNP,PMNP,PMNP,PMNP,PMNP,PMNP,PMNP,PMNP,PMNP,PMNP,PMNP,PMNP,PMNP,PMNP,PMNP,PMNP,PMNP,PMNP,PMNP,PMNP,PMNP,PMNP,PMNP,PMNP,PMNP,PMNP,PMNP,PMNP,PMNP,PMNP,PMNP
pmc033,PMNP,PMNP,PMNP,PMNP,PMNP,PMNP,PMNP,PMNP,PMNP,PMNP,PMNP,PMNP,PMNP,PMNP,PMNP,PMNP,PMNP,PMNP,PMNP,PMNP,PMNP,PMNP,PMNP,PMNP,PMNP,PMNP,PMNP,PMNP,PMNP,PMNP,PMNP,PMNP,PMNP
pmc037,PMNP,PMNP,PMNP,PMNP,PMNP,PMNP,PMNP,PMNP,PMNP,PMNP,PMNP,PMNP,PMNP,PMNP,PMNP,PMNP,PMNP,PMNP,PMNP,PMNP,PMNP,PMNP,PMNP,PMNP,PMNP,PMNP,PMNP,PMNP,PMNP,PMNP,PMNP,PMNP,PMNP
pmc038,PMNP,PMNP,PMNP,PMNP,PMNP,PMNP,PMNP,PMNP,PMNP,PMNP,PMNP,PMNP,PMNP,PMNP,PMNP,PMNP,PMNP,PMNP,PMNP,PMNP,PMNP,PMNP,PMNP,PMNP,PMNP,PMNP,PMNP,PMNP,PMNP,PMNP,PMNP,PMNP,PMNP
pmc039,PMNP,PMNP,PMNP,PMNP,PMNP,PMNP,PMNP,PMNP,PMNP,PMNP,PMNP,PMNP,PMNP,PMNP,PMNP,PMNP,PMNP,PMNP,PMNP,PMNP,PMNP,PMNP,PMNP,PMNP,PMNP,PMNP,PMNP,PMNP,PMNP,PMNP,PMNP,PMNP,PMNP
pmc041,PMNP,PMNP,PMNP,PMNP,PMNP,PMNP,PMNP,PMNP,PMNP,PMNP,PMNP,PMNP,PMNP,PMNP,PMNP,PMNP,PMNP,PMNP,PMNP,PMNP,PMNP,PMNP,PMNP,PMNP,PMNP,PMNP,PMNP,PMNP,PMNP,PMNP,PMNP,PMNP,PMNP
pmc042,PMNP,PMNP,PMNP,PMNP,PMNP,PMNP,PMNP,PMNP,PMNP,PMNP,PMNP,PMNP,PMNP,PMNP,PMNP,PMNP,PMNP,PMNP,PMNP,PMNP,PMNP,PMNP,PMNP,PMNP,PMNP,PMNP,PMNP,PMNP,PMNP,PMNP,PMNP,PMNP,PMNP
pmc043,PMNP,PMNP,PMNP,PMNP,PMNP,PMNP,PMNP,PMNP,PMNP,PMNP,PMNP,PMNP,PMNP,PMNP,PMNP,PMNP,PMNP,PMNP,PMNP,PMNP,PMNP,PMNP,PMNP,PMNP,PMNP,PMNP,PMNP,PMNP,PMNP,PMNP,PMNP,PMNP,PMNP
pmc044,PMNP,PMNP,PMNP,PMNP,PMNP,PMNP,PMNP,PMNP,PMNP,PMNP,PMNP,PMNP,PMNP,PMNP,PMNP,PMNP,PMNP,PMNP,PMNP,PMNP,PMNP,PMNP,PMNP,PMNP,PMNP,PMNP,PMNP,PMNP,PMNP,PMNP,PMNP,PMNP,PMNP
pmc045,PMNP,PMNP,PMNP,PMNP,PMNP,PMNP,PMNP,PMNP,PMNP,PMNP,PMNP,PMNP,PMNP,PMNP,PMNP,PMNP,PMNP,PMNP,PMNP,PMNP,PMNP,PMNP,PMNP,PMNP,PMNP,PMNP,PMNP,PMNP,PMNP,PMNP,PMNP,PMNP,PMNP
pmc046,PMNP,PMNP,PMNP,PMNP,PMNP,PMNP,PMNP,PMNP,PMNP,PMNP,PMNP,PMNP,PMNP,PMNP,PMNP,PMNP,PMNP,PMNP,PMNP,PMNP,PMNP,PMNP,PMNP,PMNP,PMNP,PMNP,PMNP,PMNP,PMNP,PMNP,PMNP,PMNP,PMNP
pmc047,PMNP,PMNP,PMNP,PMNP,PMNP,PMNP,PMNP,PMNP,PMNP,PMNP,PMNP,PMNP,PMNP,PMNP,PMNP,PMNP,PMNP,PMNP,PMNP,PMNP,PMNP,PMNP,PMNP,PMNP,PMNP,PMNP,PMNP,PMNP,PMNP,PMNP,PMNP,PMNP,PMNP
pmc048,PMNP,PMNP,PMNP,PMNP,PMNP,PMNP,PMNP,PMNP,PMNP,PMNP,PMNP,PMNP,PMNP,PMNP,PMNP,PMNP,PMNP,PMNP,PMNP,PMNP,PMNP,PMNP,PMNP,PMNP,PMNP,PMNP,PMNP,PMNP,PMNP,PMNP,PMNP,PMNP,PMNP
pmc049,PMNP,PMNP,PMNP,PMNP,PMNP,PMNP,PMNP,PMNP,PMNP,PMNP,PMNP,PMNP,PMNP,PMNP,PMNP,PMNP,PMNP,PMNP,PMNP,PMNP,PMNP,PMNP,PMNP,PMNP,PMNP,PMNP,PMNP,PMNP,PMNP,PMNP,PMNP,PMNP,PMNP
pmc054,PMNP,PMNP,PMNP,PMNP,PMNP,PMNP,PMNP,PMNP,PMNP,PMNP,PMNP,PMNP,PMNP,PMNP,PMNP,PMNP,PMNP,PMNP,PMNP,PMNP,PMNP,PMNP,PMNP,PMNP,PMNP,PMNP,PMNP,PMNP,PMNP,PMNP,PMNP,PMNP,PMNP
pmc055,PMNP,PMNP,PMNP,PMNP,PMNP,PMNP,PMNP,PMNP,PMNP,PMNP,PMNP,PMNP,PMNP,PMNP,PMNP,PMNP,PMNP,PMNP,PMNP,PMNP,PMNP,PMNP,PMNP,PMNP,PMNP,PMNP,PMNP,PMNP,PMNP,PMNP,PMNP,PMNP,PMNP
pmc056,PMNP,PMNP,PMNP,PMNP,PMNP,PMNP,PMNP,PMNP,PMNP,PMNP,PMNP,PMNP,PMNP,PMNP,PMNP,PMNP,PMNP,PMNP,PMNP,PMNP,PMNP,PMNP,PMNP,PMNP,PMNP,PMNP,PMNP,PMNP,PMNP,PMNP,PMNP,PMNP,PMNP
pmc057,PMNP,PMNP,PMNP,PMNP,PMNP,PMNP,PMNP,PMNP,PMNP,PMNP,PMNP,PMNP,PMNP,PMNP,PMNP,PMNP,PMNP,PMNP,PMNP,PMNP,PMNP,PMNP,PMNP,PMNP,PMNP,PMNP,PMNP,PMNP,PMNP,PMNP,PMNP,PMNP,PMNP
pmc058,PMNP,PMNP,PMNP,PMNP,PMNP,PMNP,PMNP,PMNP,PMNP,PMNP,PMNP,PMNP,PMNP,PMNP,PMNP,PMNP,PMNP,PMNP,PMNP,PMNP,PMNP,PMNP,PMNP,PMNP,PMNP,PMNP,PMNP,PMNP,PMNP,PMNP,PMNP,PMNP,PMNP
pmc059,PMNP,PMNP,PMNP,PMNP,PMNP,PMNP,PMNP,PMNP,PMNP,PMNP,PMNP,PMNP,PMNP,PMNP,PMNP,PMNP,PMNP,PMNP,PMNP,PMNP,PMNP,PMNP,PMNP,PMNP,PMNP,PMNP,PMNP,PMNP,PMNP,PMNP,PMNP,PMNP,PMNP
pmc060,PMNP,PMNP,PMNP,PMNP,PMNP,PMNP,PMNP,PMNP,PMNP,PMNP,PMNP,PMNP,PMNP,PMNP,PMNP,PMNP,PMNP,PMNP,PMNP,PMNP,PMNP,PMNP,PMNP,PMNP,PMNP,PMNP,PMNP,PMNP,PMNP,PMNP,PMNP,PMNP,PMNP
pmc061,PMNP,PMNP,PMNP,PMNP,PMNP,PMNP,PMNP,PMNP,PMNP,PMNP,PMNP,PMNP,PMNP,PMNP,PMNP,PMNP,PMNP,PMNP,PMNP,PMNP,PMNP,PMNP,PMNP,PMNP,PMNP,PMNP,PMNP,PMNP,PMNP,PMNP,PMNP,PMNP,PMNP
pmc062,PMNP,PMNP,PMNP,PMNP,PMNP,PMNP,PMNP,PMNP,PMNP,PMNP,PMNP,PMNP,PMNP,PMNP,PMNP,PMNP,PMNP,PMNP,PMNP,PMNP,PMNP,PMNP,PMNP,PMNP,PMNP,PMNP,PMNP,PMNP,PMNP,PMNP,PMNP,PMNP,PMNP
pmc063,PMNP,PMNP,PMNP,PMNP,PMNP,PMNP,PMNP,PMNP,PMNP,PMNP,PMNP,PMNP,PMNP,PMNP,PMNP,PMNP,PMNP,PMNP,PMNP,PMNP,PMNP,PMNP,PMNP,PMNP,PMNP,PMNP,PMNP,PMNP,PMNP,PMNP,PMNP,PMNP,PMNP
pmc064,PMNP,PMNP,PMNP,PMNP,PMNP,PMNP,PMNP,PMNP,PMNP,PMNP,PMNP,PMNP,PMNP,PMNP,PMNP,PMNP,PMNP,PMNP,PMNP,PMNP,PMNP,PMNP,PMNP,PMNP,PMNP,PMNP,PMNP,PMNP,PMNP,PMNP,PMNP,PMNP,PMNP
pmc065,PMNP,PMNP,PMNP,PMNP,PMNP,PMNP,PMNP,PMNP,PMNP,PMNP,PMNP,PMNP,PMNP,PMNP,PMNP,PMNP,PMNP,PMNP,PMNP,PMNP,PMNP,PMNP,PMNP,PMNP,PMNP,PMNP,PMNP,PMNP,PMNP,PMNP,PMNP,PMNP,PMNP
pmc068,PMNP,PMNP,PMNP,PMNP,PMNP,PMNP,PMNP,PMNP,PMNP,PMNP,PMNP,PMNP,PMNP,PMNP,PMNP,PMNP,PMNP,PMNP,PMNP,PMNP,PMNP,PMNP,PMNP,PMNP,PMNP,PMNP,PMNP,PMNP,PMNP,PMNP,PMNP,PMNP,PMNP
pmc069,PMNP,PMNP,PMNP,PMNP,PMNP,PMNP,PMNP,PMNP,PMNP,PMNP,PMNP,PMNP,PMNP,PMNP,PMNP,PMNP,PMNP,PMNP,PMNP,PMNP,PMNP,PMNP,PMNP,PMNP,PMNP,PMNP,PMNP,PMNP,PMNP,PMNP,PMNP,PMNP,PMNP
pmc070,PMNP,PMNP,PMNP,PMNP,PMNP,PMNP,PMNP,PMNP,PMNP,PMNP,PMNP,PMNP,PMNP,PMNP,PMNP,PMNP,PMNP,PMNP,PMNP,PMNP,PMNP,PMNP,PMNP,PMNP,PMNP,PMNP,PMNP,PMNP,PMNP,PMNP,PMNP,PMNP,PMNP
pmc071,PMNP,PMNP,PMNP,PMNP,PMNP,PMNP,PMNP,PMNP,PMNP,PMNP,PMNP,PMNP,PMNP,PMNP,PMNP,PMNP,PMNP,PMNP,PMNP,PMNP,PMNP,PMNP,PMNP,PMNP,PMNP,PMNP,PMNP,PMNP,PMNP,PMNP,PMNP,PMNP,PMNP
pmc072,PMNP,PMNP,PMNP,PMNP,PMNP,PMNP,PMNP,PMNP,PMNP,PMNP,PMNP,PMNP,PMNP,PMNP,PMNP,PMNP,PMNP,PMNP,PMNP,PMNP,PMNP,PMNP,PMNP,PMNP,PMNP,PMNP,PMNP,PMNP,PMNP,PMNP,PMNP,PMNP,PMNP
pmc073,PMNP,PMNP,PMNP,PMNP,PMNP,PMNP,PMNP,PMNP,PMNP,PMNP,PMNP,PMNP,PMNP,PMNP,PMNP,PMNP,PMNP,PMNP,PMNP,PMNP,PMNP,PMNP,PMNP,PMNP,PMNP,PMNP,PMNP,PMNP,PMNP,PMNP,PMNP,PMNP,PMNP
pmc074,PMNP,PMNP,PMNP,PMNP,PMNP,PMNP,PMNP,PMNP,PMNP,PMNP,PMNP,PMNP,PMNP,PMNP,PMNP,PMNP,PMNP,PMNP,PMNP,PMNP,PMNP,PMNP,PMNP,PMNP,PMNP,PMNP,PMNP,PMNP,PMNP,PMNP,PMNP,PMNP,PMNP
pmc075,PMNP,PMNP,PMNP,PMNP,PMNP,PMNP,PMNP,PMNP,PMNP,PMNP,PMNP,PMNP,PMNP,PMNP,PMNP,PMNP,PMNP,PMNP,PMNP,PMNP,PMNP,PMNP,PMNP,PMNP,PMNP,PMNP,PMNP,PMNP,PMNP,PMNP,PMNP,PMNP,PMNP
pmc076,PMNP,PMNP,PMNP,PMNP,PMNP,PMNP,PMNP,PMNP,PMNP,PMNP,PMNP,PMNP,PMNP,PMNP,PMNP,PMNP,PMNP,PMNP,PMNP,PMNP,PMNP,PMNP,PMNP,PMNP,PMNP,PMNP,PMNP,PMNP,PMNP,PMNP,PMNP,PMNP,PMNP
pmc077,PMNP,PMNP,PMNP,PMNP,PMNP,PMNP,PMNP,PMNP,PMNP,PMNP,PMNP,PMNP,PMNP,PMNP,PMNP,PMNP,PMNP,PMNP,PMNP,PMNP,PMNP,PMNP,PMNP,PMNP,PMNP,PMNP,PMNP,PMNP,PMNP,PMNP,PMNP,PMNP,PMNP
pmc080,PMNP,PMNP,PMNP,PMNP,PMNP,PMNP,PMNP,PMNP,PMNP,PMNP,PMNP,PMNP,PMNP,PMNP,PMNP,PMNP,PMNP,PMNP,PMNP,PMNP,PMNP,PMNP,PMNP,PMNP,PMNP,PMNP,PMNP,PMNP,PMNP,PMNP,PMNP,PMNP,PMNP
pmc081,PMNP,PMNP,PMNP,PMNP,PMNP,PMNP,PMNP,PMNP,PMNP,PMNP,PMNP,PMNP,PMNP,PMNP,PMNP,PMNP,PMNP,PMNP,PMNP,PMNP,PMNP,PMNP,PMNP,PMNP,PMNP,PMNP,PMNP,PMNP,PMNP,PMNP,PMNP,PMNP,PMNP
pmc082,PMNP,PMNP,PMNP,PMNP,PMNP,PMNP,PMNP,PMNP,PMNP,PMNP,PMNP,PMNP,PMNP,PMNP,PMNP,PMNP,PMNP,PMNP,PMNP,PMNP,PMNP,PMNP,PMNP,PMNP,PMNP,PMNP,PMNP,PMNP,PMNP,PMNP,PMNP,PMNP,PMNP
pmc083,PMNP,PMNP,PMNP,PMNP,PMNP,PMNP,PMNP,PMNP,PMNP,PMNP,PMNP,PMNP,PMNP,PMNP,PMNP,PMNP,PMNP,PMNP,PMNP,PMNP,PMNP,PMNP,PMNP,PMNP,PMNP,PMNP,PMNP,PMNP,PMNP,PMNP,PMNP,PMNP,PMNP
pmc084,PMNP,PMNP,PMNP,PMNP,PMNP,PMNP,PMNP,PMNP,PMNP,PMNP,PMNP,PMNP,PMNP,PMNP,PMNP,PMNP,PMNP,PMNP,PMNP,PMNP,PMNP,PMNP,PMNP,PMNP,PMNP,PMNP,PMNP,PMNP,PMNP,PMNP,PMNP,PMNP,PMNP
pmc085,PMNP,PMNP,PMNP,PMNP,PMNP,PMNP,PMNP,PMNP,PMNP,PMNP,PMNP,PMNP,PMNP,PMNP,PMNP,PMNP,PMNP,PMNP,PMNP,PMNP,PMNP,PMNP,PMNP,PMNP,PMNP,PMNP,PMNP,PMNP,PMNP,PMNP,PMNP,PMNP,PMNP
pmc086,PMNP,PMNP,PMNP,PMNP,PMNP,PMNP,PMNP,PMNP,PMNP,PMNP,PMNP,PMNP,PMNP,PMNP,PMNP,PMNP,PMNP,PMNP,PMNP,PMNP,PMNP,PMNP,PMNP,PMNP,PMNP,PMNP,PMNP,PMNP,PMNP,PMNP,PMNP,PMNP,PMNP
pmc087,PMNP,PMNP,PMNP,PMNP,PMNP,PMNP,PMNP,PMNP,PMNP,PMNP,PMNP,PMNP,PMNP,PMNP,PMNP,PMNP,PMNP,PMNP,PMNP,PMNP,PMNP,PMNP,PMNP,PMNP,PMNP,PMNP,PMNP,PMNP,PMNP,PMNP,PMNP,PMNP,PMNP
pmc088,PMNP,PMNP,PMNP,PMNP,PMNP,PMNP,PMNP,PMNP,PMNP,PMNP,PMNP,PMNP,PMNP,PMNP,PMNP,PMNP,PMNP,PMNP,PMNP,PMNP,PMNP,PMNP,PMNP,PMNP,PMNP,PMNP,PMNP,PMNP,PMNP,PMNP,PMNP,PMNP,PMNP
pmc089,PMNP,PMNP,PMNP,PMNP,PMNP,PMNP,PMNP,PMNP,PMNP,PMNP,PMNP,PMNP,PMNP,PMNP,PMNP,PMNP,PMNP,PMNP,PMNP,PMNP,PMNP,PMNP,PMNP,PMNP,PMNP,PMNP,PMNP,PMNP,PMNP,PMNP,PMNP,PMNP,PMNP
pmc093,PMNP,PMNP,PMNP,PMNP,PMNP,PMNP,PMNP,PMNP,PMNP,PMNP,PMNP,PMNP,PMNP,PMNP,PMNP,PMNP,PMNP,PMNP,PMNP,PMNP,PMNP,PMNP,PMNP,PMNP,PMNP,PMNP,PMNP,PMNP,PMNP,PMNP,PMNP,PMNP,PMNP
pmc094,PMNP,PMNP,PMNP,PMNP,PMNP,PMNP,PMNP,PMNP,PMNP,PMNP,PMNP,PMNP,PMNP,PMNP,PMNP,PMNP,PMNP,PMNP,PMNP,PMNP,PMNP,PMNP,PMNP,PMNP,PMNP,PMNP,PMNP,PMNP,PMNP,PMNP,PMNP,PMNP,PMNP
pmc095,PMNP,PMNP,PMNP,PMNP,PMNP,PMNP,PMNP,PMNP,PMNP,PMNP,PMNP,PMNP,PMNP,PMNP,PMNP,PMNP,PMNP,PMNP,PMNP,PMNP,PMNP,PMNP,PMNP,PMNP,PMNP,PMNP,PMNP,PMNP,PMNP,PMNP,PMNP,PMNP,PMNP
pmc096,PMNP,PMNP,PMNP,PMNP,PMNP,PMNP,PMNP,PMNP,PMNP,PMNP,PMNP,PMNP,PMNP,PMNP,PMNP,PMNP,PMNP,PMNP,PMNP,PMNP,PMNP,PMNP,PMNP,PMNP,PMNP,PMNP,PMNP,PMNP,PMNP,PMNP,PMNP,PMNP,PMNP
pmc097,PMNP,PMNP,PMNP,PMNP,PMNP,PMNP,PMNP,PMNP,PMNP,PMNP,PMNP,PMNP,PMNP,PMNP,PMNP,PMNP,PMNP,PMNP,PMNP,PMNP,PMNP,PMNP,PMNP,PMNP,PMNP,PMNP,PMNP,PMNP,PMNP,PMNP,PMNP,PMNP,PMNP
pmc098,PMNP,PMNP,PMNP,PMNP,PMNP,PMNP,PMNP,PMNP,PMNP,PMNP,PMNP,PMNP,PMNP,PMNP,PMNP,PMNP,PMNP,PMNP,PMNP,PMNP,PMNP,PMNP,PMNP,PMNP,PMNP,PMNP,PMNP,PMNP,PMNP,PMNP,PMNP,PMNP,PMNP
pmc101,PMNP,PMNP,PMNP,PMNP,PMNP,PMNP,PMNP,PMNP,PMNP,PMNP,PMNP,PMNP,PMNP,PMNP,PMNP,PMNP,PMNP,PMNP,PMNP,PMNP,PMNP,PMNP,PMNP,PMNP,PMNP,PMNP,PMNP,PMNP,PMNP,PMNP,PMNP,PMNP,PMNP
pmc102,PMNP,PMNP,PMNP,PMNP,PMNP,PMNP,PMNP,PMNP,PMNP,PMNP,PMNP,PMNP,PMNP,PMNP,PMNP,PMNP,PMNP,PMNP,PMNP,PMNP,PMNP,PMNP,PMNP,PMNP,PMNP,PMNP,PMNP,PMNP,PMNP,PMNP,PMNP,PMNP,PMNP
pmc103,PMNP,PMNP,PMNP,PMNP,PMNP,PMNP,PMNP,PMNP,PMNP,PMNP,PMNP,PMNP,PMNP,PMNP,PMNP,PMNP,PMNP,PMNP,PMNP,PMNP,PMNP,PMNP,PMNP,PMNP,PMNP,PMNP,PMNP,PMNP,PMNP,PMNP,PMNP,PMNP,PMNP
pmc104,PMNP,PMNP,PMNP,PMNP,PMNP,PMNP,PMNP,PMNP,PMNP,PMNP,PMNP,PMNP,PMNP,PMNP,PMNP,PMNP,PMNP,PMNP,PMNP,PMNP,PMNP,PMNP,PMNP,PMNP,PMNP,PMNP,PMNP,PMNP,PMNP,PMNP,PMNP,PMNP,PMNP
pmc105,PMNP,PMNP,PMNP,PMNP,PMNP,PMNP,PMNP,PMNP,PMNP,PMNP,PMNP,PMNP,PMNP,PMNP,PMNP,PMNP,PMNP,PMNP,PMNP,PMNP,PMNP,PMNP,PMNP,PMNP,PMNP,PMNP,PMNP,PMNP,PMNP,PMNP,PMNP,PMNP,PMNP
pmc106,PMNP,PMNP,PMNP,PMNP,PMNP,PMNP,PMNP,PMNP,PMNP,PMNP,PMNP,PMNP,PMNP,PMNP,PMNP,PMNP,PMNP,PMNP,PMNP,PMNP,PMNP,PMNP,PMNP,PMNP,PMNP,PMNP,PMNP,PMNP,PMNP,PMNP,PMNP,PMNP,PMNP
pmc107,PMNP,PMNP,PMNP,PMNP,PMNP,PMNP,PMNP,PMNP,PMNP,PMNP,PMNP,PMNP,PMNP,PMNP,PMNP,PMNP,PMNP,PMNP,PMNP,PMNP,PMNP,PMNP,PMNP,PMNP,PMNP,PMNP,PMNP,PMNP,PMNP,PMNP,PMNP,PMNP,PMNP
pmc108,PMNP,PMNP,PMNP,PMNP,PMNP,PMNP,PMNP,PMNP,PMNP,PMNP,PMNP,PMNP,PMNP,PMNP,PMNP,PMNP,PMNP,PMNP,PMNP,PMNP,PMNP,PMNP,PMNP,PMNP,PMNP,PMNP,PMNP,PMNP,PMNP,PMNP,PMNP,PMNP,PMNP
pmc109,PMNP,PMNP,PMNP,PMNP,PMNP,PMNP,PMNP,PMNP,PMNP,PMNP,PMNP,PMNP,PMNP,PMNP,PMNP,PMNP,PMNP,PMNP,PMNP,PMNP,PMNP,PMNP,PMNP,PMNP,PMNP,PMNP,PMNP,PMNP,PMNP,PMNP,PMNP,PMNP,PMNP
pmc110,PMNP,PMNP,PMNP,PMNP,PMNP,PMNP,PMNP,PMNP,PMNP,PMNP,PMNP,PMNP,PMNP,PMNP,PMNP,PMNP,PMNP,PMNP,PMNP,PMNP,PMNP,PMNP,PMNP,PMNP,PMNP,PMNP,PMNP,PMNP,PMNP,PMNP,PMNP,PMNP,PMNP
pmc111,PMNP,PMNP,PMNP,PMNP,PMNP,PMNP,PMNP,PMNP,PMNP,PMNP,PMNP,PMNP,PMNP,PMNP,PMNP,PMNP,PMNP,PMNP,PMNP,PMNP,PMNP,PMNP,PMNP,PMNP,PMNP,PMNP,PMNP,PMNP,PMNP,PMNP,PMNP,PMNP,PMNP
pmc112,PMNP,PMNP,PMNP,PMNP,PMNP,PMNP,PMNP,PMNP,PMNP,PMNP,PMNP,PMNP,PMNP,PMNP,PMNP,PMNP,PMNP,PMNP,PMNP,PMNP,PMNP,PMNP,PMNP,PMNP,PMNP,PMNP,PMNP,PMNP,PMNP,PMNP,PMNP,PMNP,PMNP
pmc113,PMNP,PMNP,PMNP,PMNP,PMNP,PMNP,PMNP,PMNP,PMNP,PMNP,PMNP,PMNP,PMNP,PMNP,PMNP,PMNP,PMNP,PMNP,PMNP,PMNP,PMNP,PMNP,PMNP,PMNP,PMNP,PMNP,PMNP,PMNP,PMNP,PMNP,PMNP,PMNP,PMNP
pmc114,PMNP,PMNP,PMNP,PMNP,PMNP,PMNP,PMNP,PMNP,PMNP,PMNP,PMNP,PMNP,PMNP,PMNP,PMNP,PMNP,PMNP,PMNP,PMNP,PMNP,PMNP,PMNP,PMNP,PMNP,PMNP,PMNP,PMNP,PMNP,PMNP,PMNP,PMNP,PMNP,PMNP
pmc115,PMNP,PMNP,PMNP,PMNP,PMNP,PMNP,PMNP,PMNP,PMNP,PMNP,PMNP,PMNP,PMNP,PMNP,PMNP,PMNP,PMNP,PMNP,PMNP,PMNP,PMNP,PMNP,PMNP,PMNP,PMNP,PMNP,PMNP,PMNP,PMNP,PMNP,PMNP,PMNP,PMNP
pmc119,PMNP,PMNP,PMNP,PMNP,PMNP,PMNP,PMNP,PMNP,PMNP,PMNP,PMNP,PMNP,PMNP,PMNP,PMNP,PMNP,PMNP,PMNP,PMNP,PMNP,PMNP,PMNP,PMNP,PMNP,PMNP,PMNP,PMNP,PMNP,PMNP,PMNP,PMNP,PMNP,PMNP
pmc120,PMNP,PMNP,PMNP,PMNP,PMNP,PMNP,PMNP,PMNP,PMNP,PMNP,PMNP,PMNP,PMNP,PMNP,PMNP,PMNP,PMNP,PMNP,PMNP,PMNP,PMNP,PMNP,PMNP,PMNP,PMNP,PMNP,PMNP,PMNP,PMNP,PMNP,PMNP,PMNP,PMNP
pmc121,PMNP,PMNP,PMNP,PMNP,PMNP,PMNP,PMNP,PMNP,PMNP,PMNP,PMNP,PMNP,PMNP,PMNP,PMNP,PMNP,PMNP,PMNP,PMNP,PMNP,PMNP,PMNP,PMNP,PMNP,PMNP,PMNP,PMNP,PMNP,PMNP,PMNP,PMNP,PMNP,PMNP
pmc122,PMNP,PMNP,PMNP,PMNP,PMNP,PMNP,PMNP,PMNP,PMNP,PMNP,PMNP,PMNP,PMNP,PMNP,PMNP,PMNP,PMNP,PMNP,PMNP,PMNP,PMNP,PMNP,PMNP,PMNP,PMNP,PMNP,PMNP,PMNP,PMNP,PMNP,PMNP,PMNP,PMNP
pmc123,PMNP,PMNP,PMNP,PMNP,PMNP,PMNP,PMNP,PMNP,PMNP,PMNP,PMNP,PMNP,PMNP,PMNP,PMNP,PMNP,PMNP,PMNP,PMNP,PMNP,PMNP,PMNP,PMNP,PMNP,PMNP,PMNP,PMNP,PMNP,PMNP,PMNP,PMNP,PMNP,PMNP
pmc124,PMNP,PMNP,PMNP,PMNP,PMNP,PMNP,PMNP,PMNP,PMNP,PMNP,PMNP,PMNP,PMNP,PMNP,PMNP,PMNP,PMNP,PMNP,PMNP,PMNP,PMNP,PMNP,PMNP,PMNP,PMNP,PMNP,PMNP,PMNP,PMNP,PMNP,PMNP,PMNP,PMNP
pmc125,PMNP,PMNP,PMNP,PMNP,PMNP,PMNP,PMNP,PMNP,PMNP,PMNP,PMNP,PMNP,PMNP,PMNP,PMNP,PMNP,PMNP,PMNP,PMNP,PMNP,PMNP,PMNP,PMNP,PMNP,PMNP,PMNP,PMNP,PMNP,PMNP,PMNP,PMNP,PMNP,PMNP
pmc130,PMNP,PMNP,PMNP,PMNP,PMNP,PMNP,PMNP,PMNP,PMNP,PMNP,PMNP,PMNP,PMNP,PMNP,PMNP,PMNP,PMNP,PMNP,PMNP,PMNP,PMNP,PMNP,PMNP,PMNP,PMNP,PMNP,PMNP,PMNP,PMNP,PMNP,PMNP,PMNP,PMNP
pmc131,PMNP,PMNP,PMNP,PMNP,PMNP,PMNP,PMNP,PMNP,PMNP,PMNP,PMNP,PMNP,PMNP,PMNP,PMNP,PMNP,PMNP,PMNP,PMNP,PMNP,PMNP,PMNP,PMNP,PMNP,PMNP,PMNP,PMNP,PMNP,PMNP,PMNP,PMNP,PMNP,PMNP
pmc132,PMNP,PMNP,PMNP,PMNP,PMNP,PMNP,PMNP,PMNP,PMNP,PMNP,PMNP,PMNP,PMNP,PMNP,PMNP,PMNP,PMNP,PMNP,PMNP,PMNP,PMNP,PMNP,PMNP,PMNP,PMNP,PMNP,PMNP,PMNP,PMNP,PMNP,PMNP,PMNP,PMNP
pmc133,PMNP,PMNP,PMNP,PMNP,PMNP,PMNP,PMNP,PMNP,PMNP,PMNP,PMNP,PMNP,PMNP,PMNP,PMNP,PMNP,PMNP,PMNP,PMNP,PMNP,PMNP,PMNP,PMNP,PMNP,PMNP,PMNP,PMNP,PMNP,PMNP,PMNP,PMNP,PMNP,PMNP
pmc134,PMNP,PMNP,PMNP,PMNP,PMNP,PMNP,PMNP,PMNP,PMNP,PMNP,PMNP,PMNP,PMNP,PMNP,PMNP,PMNP,PMNP,PMNP,PMNP,PMNP,PMNP,PMNP,PMNP,PMNP,PMNP,PMNP,PMNP,PMNP,PMNP,PMNP,PMNP,PMNP,PMNP
pmc135,PMNP,PMNP,PMNP,PMNP,PMNP,PMNP,PMNP,PMNP,PMNP,PMNP,PMNP,PMNP,PMNP,PMNP,PMNP,PMNP,PMNP,PMNP,PMNP,PMNP,PMNP,PMNP,PMNP,PMNP,PMNP,PMNP,PMNP,PMNP,PMNP,PMNP,PMNP,PMNP,PMNP
pmc140,PMNP,PMNP,PMNP,PMNP,PMNP,PMNP,PMNP,PMNP,PMNP,PMNP,PMNP,PMNP,PMNP,PMNP,PMNP,PMNP,PMNP,PMNP,PMNP,PMNP,PMNP,PMNP,PMNP,PMNP,PMNP,PMNP,PMNP,PMNP,PMNP,PMNP,PMNP,PMNP,PMNP
pmc141,PMNP,PMNP,PMNP,PMNP,PMNP,PMNP,PMNP,PMNP,PMNP,PMNP,PMNP,PMNP,PMNP,PMNP,PMNP,PMNP,PMNP,PMNP,PMNP,PMNP,PMNP,PMNP,PMNP,PMNP,PMNP,PMNP,PMNP,PMNP,PMNP,PMNP,PMNP,PMNP,PMNP
pmc142,PMNP,PMNP,PMNP,PMNP,PMNP,PMNP,PMNP,PMNP,PMNP,PMNP,PMNP,PMNP,PMNP,PMNP,PMNP,PMNP,PMNP,PMNP,PMNP,PMNP,PMNP,PMNP,PMNP,PMNP,PMNP,PMNP,PMNP,PMNP,PMNP,PMNP,PMNP,PMNP,PMNP
pmc143,PMNP,PMNP,PMNP,PMNP,PMNP,PMNP,PMNP,PMNP,PMNP,PMNP,PMNP,PMNP,PMNP,PMNP,PMNP,PMNP,PMNP,PMNP,PMNP,PMNP,PMNP,PMNP,PMNP,PMNP,PMNP,PMNP,PMNP,PMNP,PMNP,PMNP,PMNP,PMNP,PMNP
pmc144,PMNP,PMNP,PMNP,PMNP,PMNP,PMNP,PMNP,PMNP,PMNP,PMNP,PMNP,PMNP,PMNP,PMNP,PMNP,PMNP,PMNP,PMNP,PMNP,PMNP,PMNP,PMNP,PMNP,PMNP,PMNP,PMNP,PMNP,PMNP,PMNP,PMNP,PMNP,PMNP,PMNP
pmc145,PMNP,PMNP,PMNP,PMNP,PMNP,PMNP,PMNP,PMNP,PMNP,PMNP,PMNP,PMNP,PMNP,PMNP,PMNP,PMNP,PMNP,PMNP,PMNP,PMNP,PMNP,PMNP,PMNP,PMNP,PMNP,PMNP,PMNP,PMNP,PMNP,PMNP,PMNP,PMNP,PMNP
pmc147,PMNP,PMNP,PMNP,PMNP,PMNP,PMNP,PMNP,PMNP,PMNP,PMNP,PMNP,PMNP,PMNP,PMNP,PMNP,PMNP,PMNP,PMNP,PMNP,PMNP,PMNP,PMNP,PMNP,PMNP,PMNP,PMNP,PMNP,PMNP,PMNP,PMNP,PMNP,PMNP,PMNP
pmc148,PMNP,PMNP,PMNP,PMNP,PMNP,PMNP,PMNP,PMNP,PMNP,PMNP,PMNP,PMNP,PMNP,PMNP,PMNP,PMNP,PMNP,PMNP,PMNP,PMNP,PMNP,PMNP,PMNP,PMNP,PMNP,PMNP,PMNP,PMNP,PMNP,PMNP,PMNP,PMNP,PMNP
pmc149,PMNP,PMNP,PMNP,PMNP,PMNP,PMNP,PMNP,PMNP,PMNP,PMNP,PMNP,PMNP,PMNP,PMNP,PMNP,PMNP,PMNP,PMNP,PMNP,PMNP,PMNP,PMNP,PMNP,PMNP,PMNP,PMNP,PMNP,PMNP,PMNP,PMNP,PMNP,PMNP,PMNP
pmc150,PMNP,PMNP,PMNP,PMNP,PMNP,PMNP,PMNP,PMNP,PMNP,PMNP,PMNP,PMNP,PMNP,PMNP,PMNP,PMNP,PMNP,PMNP,PMNP,PMNP,PMNP,PMNP,PMNP,PMNP,PMNP,PMNP,PMNP,PMNP,PMNP,PMNP,PMNP,PMNP,PMNP
stc03,STNR,STNR,STNR,STNR,STNR,STNR,STNR,STNR,STNR,STNR,STNR,STNR,STNR,STNR,STNR,STNR,STNR,STNR,STNR,STNR,STNR,STNR,STNR,STNR,STNR,STNR,STNR,STNR,STNR,STNR,STNR,STNR,STNR
stc05,STNR,STNR,STNR,STNR,STNR,STNR,STNR,STNR,STNR,STNR,STNR,STNR,STNR,STNR,STNR,STNR,STNR,STNR,STNR,STNR,STNR,STNR,STNR,STNR,STNR,STNR,STNR,STNR,STNR,STNR,STNR,STNR,STNR
stc06,STNR,STNR,STNR,STNR,STNR,STNR,STNR,STNR,STNR,STNR,STNR,STNR,STNR,STNR,STNR,STNR,STNR,STNR,STNR,STNR,STNR,STNR,STNR,STNR,STNR,STNR,STNR,STNR,STNR,STNR,STNR,STNR,STNR
stc07,STNR,STNR,STNR,STNR,STNR,STNR,STNR,STNR,STNR,STNR,STNR,STNR,STNR,STNR,STNR,STNR,STNR,STNR,STNR,STNR,STNR,STNR,STNR,STNR,STNR,STNR,STNR,STNR,STNR,STNR,STNR,STNR,STNR
stc08,STNR,STNR,STNR,STNR,STNR,STNR,STNR,STNR,STNR,STNR,STNR,STNR,STNR,STNR,STNR,STNR,STNR,STNR,STNR,STNR,STNR,STNR,STNR,STNR,STNR,STNR,STNR,STNR,STNR,STNR,STNR,STNR,STNR
stc09,STNR,STNR,STNR,STNR,STNR,STNR,STNR,STNR,STNR,STNR,STNR,STNR,STNR,STNR,STNR,STNR,STNR,STNR,STNR,STNR,STNR,STNR,STNR,STNR,STNR,STNR,STNR,STNR,STNR,STNR,STNR,STNR,STNR
stc10,STNR,STNR,STNR,STNR,STNR,STNR,STNR,STNR,STNR,STNR,STNR,STNR,STNR,STNR,STNR,STNR,STNR,STNR,STNR,STNR,STNR,STNR,STNR,STNR,STNR,STNR,STNR,STNR,STNR,STNR,STNR,STNR,STNR
stc12,STNR,STNR,STNR,STNR,STNR,STNR,STNR,STNR,STNR,STNR,STNR,STNR,STNR,STNR,STNR,STNR,STNR,STNR,STNR,STNR,STNR,STNR,STNR,STNR,STNR,STNR,STNR,STNR,STNR,STNR,STNR,STNR,STNR
stc13,STNR,STNR,STNR,STNR,STNR,STNR,STNR,STNR,STNR,STNR,STNR,STNR,STNR,STNR,STNR,STNR,STNR,STNR,STNR,STNR,STNR,STNR,STNR,STNR,STNR,STNR,STNR,STNR,STNR,STNR,STNR,STNR,STNR
stc14,STNR,STNR,STNR,STNR,STNR,STNR,STNR,STNR,STNR,STNR,STNR,STNR,STNR,STNR,STNR,STNR,STNR,STNR,STNR,STNR,STNR,STNR,STNR,STNR,STNR,STNR,STNR,STNR,STNR,STNR,STNR,STNR,STNR
stc15,STNR,STNR,STNR,STNR,STNR,STNR,STNR,STNR,STNR,STNR,STNR,STNR,STNR,STNR,STNR,STNR,STNR,STNR,STNR,STNR,STNR,STNR,STNR,STNR,STNR,STNR,STNR,STNR,STNR,STNR,STNR,STNR,STNR
stc16,STNR,STNR,STNR,STNR,STNR,STNR,STNR,STNR,STNR,STNR,STNR,STNR,STNR,STNR,STNR,STNR,STNR,STNR,STNR,STNR,STNR,STNR,STNR,STNR,STNR,STNR,STNR,STNR,STNR,STNR,STNR,STNR,STNR
stc17,STNR,STNR,STNR,STNR,STNR,STNR,STNR,STNR,STNR,STNR,STNR,STNR,STNR,STNR,STNR,STNR,STNR,STNR,STNR,STNR,STNR,STNR,STNR,STNR,STNR,STNR,STNR,STNR,STNR,STNR,STNR,STNR,STNR
stc19,STNR,STNR,STNR,STNR,STNR,STNR,STNR,STNR,STNR,STNR,STNR,STNR,STNR,STNR,STNR,STNR,STNR,STNR,STNR,STNR,STNR,STNR,STNR,STNR,STNR,STNR,STNR,STNR,STNR,STNR,STNR,STNR,STNR
stc20,STNR,STNR,STNR,STNR,STNR,STNR,STNR,STNR,STNR,STNR,STNR,STNR,STNR,STNR,STNR,STNR,STNR,STNR,STNR,STNR,STNR,STNR,STNR,STNR,STNR,STNR,STNR,STNR,STNR,STNR,STNR,STNR,STNR
stc21,STNR,STNR,STNR,STNR,STNR,STNR,STNR,STNR,STNR,STNR,STNR,STNR,STNR,STNR,STNR,STNR,STNR,STNR,STNR,STNR,STNR,STNR,STNR,STNR,STNR,STNR,STNR,STNR,STNR,STNR,STNR,STNR,STNR
stc22,STNR,STNR,STNR,STNR,STNR,STNR,STNR,STNR,STNR,STNR,STNR,STNR,STNR,STNR,STNR,STNR,STNR,STNR,STNR,STNR,STNR,STNR,STNR,STNR,STNR,STNR,STNR,STNR,STNR,STNR,STNR,STNR,STNR
stc23,STNR,STNR,STNR,STNR,STNR,STNR,STNR,STNR,STNR,STNR,STNR,STNR,STNR,STNR,STNR,STNR,STNR,STNR,STNR,STNR,STNR,STNR,STNR,STNR,STNR,STNR,STNR,STNR,STNR,STNR,STNR,STNR,STNR
stc24,STNR,STNR,STNR,STNR,STNR,STNR,STNR,STNR,STNR,STNR,STNR,STNR,STNR,STNR,STNR,STNR,STNR,STNR,STNR,STNR,STNR,STNR,STNR,STNR,STNR,STNR,STNR,STNR,STNR,STNR,STNR,STNR,STNR
stc25,STNR,STNR,STNR,STNR,STNR,STNR,STNR,STNR,STNR,STNR,STNR,STNR,STNR,STNR,STNR,STNR,STNR,STNR,STNR,STNR,STNR,STNR,STNR,STNR,STNR,STNR,STNR,STNR,STNR,STNR,STNR,STNR,STNR
stc26,STNR,STNR,STNR,STNR,STNR,STNR,STNR,STNR,STNR,STNR,STNR,STNR,STNR,STNR,STNR,STNR,STNR,STNR,STNR,STNR,STNR,STNR,STNR,STNR,STNR,STNR,STNR,STNR,STNR,STNR,STNR,STNR,STNR
stc27,STNR,STNR,STNR,STNR,STNR,STNR,STNR,STNR,STNR,STNR,STNR,STNR,STNR,STNR,STNR,STNR,STNR,STNR,STNR,STNR,STNR,STNR,STNR,STNR,STNR,STNR,STNR,STNR,STNR,STNR,STNR,STNR,STNR
stc28,STNR,STNR,STNR,STNR,STNR,STNR,STNR,STNR,STNR,STNR,STNR,STNR,STNR,STNR,STNR,STNR,STNR,STNR,STNR,STNR,STNR,STNR,STNR,STNR,STNR,STNR,STNR,STNR,STNR,STNR,STNR,STNR,STNR
stc29,STNR,STNR,STNR,STNR,STNR,STNR,STNR,STNR,STNR,STNR,STNR,STNR,STNR,STNR,STNR,STNR,STNR,STNR,STNR,STNR,STNR,STNR,STNR,STNR,STNR,STNR,STNR,STNR,STNR,STNR,STNR,STNR,STNR
stc30,STNR,STNR,STNR,STNR,STNR,STNR,STNR,STNR,STNR,STNR,STNR,STNR,STNR,STNR,STNR,STNR,STNR,STNR,STNR,STNR,STNR,STNR,STNR,STNR,STNR,STNR,STNR,STNR,STNR,STNR,STNR,STNR,STNR
stc31,STNR,STNR,STNR,STNR,STNR,STNR,STNR,STNR,STNR,STNR,STNR,STNR,STNR,STNR,STNR,STNR,STNR,STNR,STNR,STNR,STNR,STNR,STNR,STNR,STNR,STNR,STNR,STNR,STNR,STNR,STNR,STNR,STNR
stc32,STNR,STNR,STNR,STNR,STNR,STNR,STNR,STNR,STNR,STNR,STNR,STNR,STNR,STNR,STNR,STNR,STNR,STNR,STNR,STNR,STNR,STNR,STNR,STNR,STNR,STNR,STNR,STNR,STNR,STNR,STNR,STNR,STNR
stc33,STNR,STNR,STNR,STNR,STNR,STNR,STNR,STNR,STNR,STNR,STNR,STNR,STNR,STNR,STNR,STNR,STNR,STNR,STNR,STNR,STNR,STNR,STNR,STNR,STNR,STNR,STNR,STNR,STNR,STNR,STNR,STNR,STNR
stc34,STNR,STNR,STNR,STNR,STNR,STNR,STNR,STNR,STNR,STNR,STNR,STNR,STNR,STNR,STNR,STNR,STNR,STNR,STNR,STNR,STNR,STNR,STNR,STNR,STNR,STNR,STNR,STNR,STNR,STNR,STNR,STNR,STNR
stc35,STNR,STNR,STNR,STNR,STNR,STNR,STNR,STNR,STNR,STNR,STNR,STNR,STNR,STNR,STNR,STNR,STNR,STNR,STNR,STNR,STNR,STNR,STNR,STNR,STNR,STNR,STNR,STNR,STNR,STNR,STNR,STNR,STNR
stc36,STNR,STNR,STNR,STNR,STNR,STNR,STNR,STNR,STNR,STNR,STNR,STNR,STNR,STNR,STNR,STNR,STNR,STNR,STNR,STNR,STNR,STNR,STNR,STNR,STNR,STNR,STNR,STNR,STNR,STNR,STNR,STNR,STNR
stc37,STNR,STNR,STNR,STNR,STNR,STNR,STNR,STNR,STNR,STNR,STNR,STNR,STNR,STNR,STNR,STNR,STNR,STNR,STNR,STNR,STNR,STNR,STNR,STNR,STNR,STNR,STNR,STNR,STNR,STNR,STNR,STNR,STNR
stc38,STNR,STNR,STNR,STNR,STNR,STNR,STNR,STNR,STNR,STNR,STNR,STNR,STNR,STNR,STNR,STNR,STNR,STNR,STNR,STNR,STNR,STNR,STNR,STNR,STNR,STNR,STNR,STNR,STNR,STNR,STNR,STNR,STNR
stc39,STNR,STNR,STNR,STNR,STNR,STNR,STNR,STNR,STNR,STNR,STNR,STNR,STNR,STNR,STNR,STNR,STNR,STNR,STNR,STNR,STNR,STNR,STNR,STNR,STNR,STNR,STNR,STNR,STNR,STNR,STNR,STNR,STNR
stc40,STNR,STNR,STNR,STNR,STNR,STNR,STNR,STNR,STNR,STNR,STNR,STNR,STNR,STNR,STNR,STNR,STNR,STNR,STNR,STNR,STNR,STNR,STNR,STNR,STNR,STNR,STNR,STNR,STNR,STNR,STNR,STNR,STNR
stc41,STNR,STNR,STNR,STNR,STNR,STNR,STNR,STNR,STNR,STNR,STNR,STNR,STNR,STNR,STNR,STNR,STNR,STNR,STNR,STNR,STNR,STNR,STNR,STNR,STNR,STNR,STNR,STNR,STNR,STNR,STNR,STNR,STNR
stc42,STNR,STNR,STNR,STNR,STNR,STNR,STNR,STNR,STNR,STNR,STNR,STNR,STNR,STNR,STNR,STNR,STNR,STNR,STNR,STNR,STNR,STNR,STNR,STNR,STNR,STNR,STNR,STNR,STNR,STNR,STNR,STNR,STNR
stc43,STNR,STNR,STNR,STNR,STNR,STNR,STNR,STNR,STNR,STNR,STNR,STNR,STNR,STNR,STNR,STNR,STNR,STNR,STNR,STNR,STNR,STNR,STNR,STNR,STNR,STNR,STNR,STNR,STNR,STNR,STNR,STNR,STNR
stc44,STNR,STNR,STNR,STNR,STNR,STNR,STNR,STNR,STNR,STNR,STNR,STNR,STNR,STNR,STNR,STNR,STNR,STNR,STNR,STNR,STNR,STNR,STNR,STNR,STNR,STNR,STNR,STNR,STNR,STNR,STNR,STNR,STNR
stc45,STNR,STNR,STNR,STNR,STNR,STNR,STNR,STNR,STNR,STNR,STNR,STNR,STNR,STNR,STNR,STNR,STNR,STNR,STNR,STNR,STNR,STNR,STNR,STNR,STNR,STNR,STNR,STNR,STNR,STNR,STNR,STNR,STNR
stc46,STNR,STNR,STNR,STNR,STNR,STNR,STNR,STNR,STNR,STNR,STNR,STNR,STNR,STNR,STNR,STNR,STNR,STNR,STNR,STNR,STNR,STNR,STNR,STNR,STNR,STNR,STNR,STNR,STNR,STNR,STNR,STNR,STNR
stc47,STNR,STNR,STNR,STNR,STNR,STNR,STNR,STNR,STNR,STNR,STNR,STNR,STNR,STNR,STNR,STNR,STNR,STNR,STNR,STNR,STNR,STNR,STNR,STNR,STNR,STNR,STNR,STNR,STNR,STNR,STNR,STNR,STNR
stc48,STNR,STNR,STNR,STNR,STNR,STNR,STNR,STNR,STNR,STNR,STNR,STNR,STNR,STNR,STNR,STNR,STNR,STNR,STNR,STNR,STNR,STNR,STNR,STNR,STNR,STNR,STNR,STNR,STNR,STNR,STNR,STNR,STNR
stc49,STNR,STNR,STNR,STNR,STNR,STNR,STNR,STNR,STNR,STNR,STNR,STNR,STNR,STNR,STNR,STNR,STNR,STNR,STNR,STNR,STNR,STNR,STNR,STNR,STNR,STNR,STNR,STNR,STNR,STNR,STNR,STNR,STNR
stc50,STNR,STNR,STNR,STNR,STNR,STNR,STNR,STNR,STNR,STNR,STNR,STNR,STNR,STNR,STNR,STNR,STNR,STNR,STNR,STNR,STNR,STNR,STNR,STNR,STNR,STNR,STNR,STNR,STNR,STNR,STNR,STNR,STNR
stc51,STNR,STNR,STNR,STNR,STNR,STNR,STNR,STNR,STNR,STNR,STNR,STNR,STNR,STNR,STNR,STNR,STNR,STNR,STNR,STNR,STNR,STNR,STNR,STNR,STNR,STNR,STNR,STNR,STNR,STNR,STNR,STNR,STNR
stc52,STNR,STNR,STNR,STNR,STNR,STNR,STNR,STNR,STNR,STNR,STNR,STNR,STNR,STNR,STNR,STNR,STNR,STNR,STNR,STNR,STNR,STNR,STNR,STNR,STNR,STNR,STNR,STNR,STNR,STNR,STNR,STNR,STNR
stc53,STNR,STNR,STNR,STNR,STNR,STNR,STNR,STNR,STNR,STNR,STNR,STNR,STNR,STNR,STNR,STNR,STNR,STNR,STNR,STNR,STNR,STNR,STNR,STNR,STNR,STNR,STNR,STNR,STNR,STNR,STNR,STNR,STNR
stc54,STNR,STNR,STNR,STNR,STNR,STNR,STNR,STNR,STNR,STNR,STNR,STNR,STNR,STNR,STNR,STNR,STNR,STNR,STNR,STNR,STNR,STNR,STNR,STNR,STNR,STNR,STNR,STNR,STNR,STNR,STNR,STNR,STNR
stc55,STNR,STNR,STNR,STNR,STNR,STNR,STNR,STNR,STNR,STNR,STNR,STNR,STNR,STNR,STNR,STNR,STNR,STNR,STNR,STNR,STNR,STNR,STNR,STNR,STNR,STNR,STNR,STNR,STNR,STNR,STNR,STNR,STNR
stc56,STNR,STNR,STNR,STNR,STNR,STNR,STNR,STNR,STNR,STNR,STNR,STNR,STNR,STNR,STNR,STNR,STNR,STNR,STNR,STNR,STNR,STNR,STNR,STNR,STNR,STNR,STNR,STNR,STNR,STNR,STNR,STNR,STNR
stc57,STNR,STNR,STNR,STNR,STNR,STNR,STNR,STNR,STNR,STNR,STNR,STNR,STNR,STNR,STNR,STNR,STNR,STNR,STNR,STNR,STNR,STNR,STNR,STNR,STNR,STNR,STNR,STNR,STNR,STNR,STNR,STNR,STNR
stc58,STNR,STNR,STNR,STNR,STNR,STNR,STNR,STNR,STNR,STNR,STNR,STNR,STNR,STNR,STNR,STNR,STNR,STNR,STNR,STNR,STNR,STNR,STNR,STNR,STNR,STNR,STNR,STNR,STNR,STNR,STNR,STNR,STNR
stc59,STNR,STNR,STNR,STNR,STNR,STNR,STNR,STNR,STNR,STNR,STNR,STNR,STNR,STNR,STNR,STNR,STNR,STNR,STNR,STNR,STNR,STNR,STNR,STNR,STNR,STNR,STNR,STNR,STNR,STNR,STNR,STNR,STNR
stc61,STNR,STNR,STNR,STNR,STNR,STNR,STNR,STNR,STNR,STNR,STNR,STNR,STNR,STNR,STNR,STNR,STNR,STNR,STNR,STNR,STNR,STNR,STNR,STNR,STNR,STNR,STNR,STNR,STNR,STNR,STNR,STNR,STNR
stc62,STNR,STNR,STNR,STNR,STNR,STNR,STNR,STNR,STNR,STNR,STNR,STNR,STNR,STNR,STNR,STNR,STNR,STNR,STNR,STNR,STNR,STNR,STNR,STNR,STNR,STNR,STNR,STNR,STNR,STNR,STNR,STNR,STNR
stc63,STNR,STNR,STNR,STNR,STNR,STNR,STNR,STNR,STNR,STNR,STNR,STNR,STNR,STNR,STNR,STNR,STNR,STNR,STNR,STNR,STNR,STNR,STNR,STNR,STNR,STNR,STNR,STNR,STNR,STNR,STNR,STNR,STNR
stc64,STNR,STNR,STNR,STNR,STNR,STNR,STNR,STNR,STNR,STNR,STNR,STNR,STNR,STNR,STNR,STNR,STNR,STNR,STNR,STNR,STNR,STNR,STNR,STNR,STNR,STNR,STNR,STNR,STNR,STNR,STNR,STNR,STNR
stc65,STNR,STNR,STNR,STNR,STNR,STNR,STNR,STNR,STNR,STNR,STNR,STNR,STNR,STNR,STNR,STNR,STNR,STNR,STNR,STNR,STNR,STNR,STNR,STNR,STNR,STNR,STNR,STNR,STNR,STNR,STNR,STNR,STNR
stc66,STNR,STNR,STNR,STNR,STNR,STNR,STNR,STNR,STNR,STNR,STNR,STNR,STNR,STNR,STNR,STNR,STNR,STNR,STNR,STNR,STNR,STNR,STNR,STNR,STNR,STNR,STNR,STNR,STNR,STNR,STNR,STNR,STNR
stc67,STNR,STNR,STNR,STNR,STNR,STNR,STNR,STNR,STNR,STNR,STNR,STNR,STNR,STNR,STNR,STNR,STNR,STNR,STNR,STNR,STNR,STNR,STNR,STNR,STNR,STNR,STNR,STNR,STNR,STNR,STNR,STNR,STNR
stc68,STNR,STNR,STNR,STNR,STNR,STNR,STNR,STNR,STNR,STNR,STNR,STNR,STNR,STNR,STNR,STNR,STNR,STNR,STNR,STNR,STNR,STNR,STNR,STNR,STNR,STNR,STNR,STNR,STNR,STNR,STNR,STNR,STNR
stc69,STNR,STNR,STNR,STNR,STNR,STNR,STNR,STNR,STNR,STNR,STNR,STNR,STNR,STNR,STNR,STNR,STNR,STNR,STNR,STNR,STNR,STNR,STNR,STNR,STNR,STNR,STNR,STNR,STNR,STNR,STNR,STNR,STNR
stc70,STNR,STNR,STNR,STNR,STNR,STNR,STNR,STNR,STNR,STNR,STNR,STNR,STNR,STNR,STNR,STNR,STNR,STNR,STNR,STNR,STNR,STNR,STNR,STNR,STNR,STNR,STNR,STNR,STNR,STNR,STNR,STNR,STNR
stc71,STNR,STNR,STNR,STNR,STNR,STNR,STNR,STNR,STNR,STNR,STNR,STNR,STNR,STNR,STNR,STNR,STNR,STNR,STNR,STNR,STNR,STNR,STNR,STNR,STNR,STNR,STNR,STNR,STNR,STNR,STNR,STNR,STNR
stc72,STNR,STNR,STNR,STNR,STNR,STNR,STNR,STNR,STNR,STNR,STNR,STNR,STNR,STNR,STNR,STNR,STNR,STNR,STNR,STNR,STNR,STNR,STNR,STNR,STNR,STNR,STNR,STNR,STNR,STNR,STNR,STNR,STNR
stc73,STNR,STNR,STNR,STNR,STNR,STNR,STNR,STNR,STNR,STNR,STNR,STNR,STNR,STNR,STNR,STNR,STNR,STNR,STNR,STNR,STNR,STNR,STNR,STNR,STNR,STNR,STNR,STNR,STNR,STNR,STNR,STNR,STNR
vbc01,BachMa,BachMa,BachMa,BachMa,BachMa,BachMa,BachMa,BachMa,BachMa,BachMa,BachMa,BachMa,BachMa,BachMa,BachMa,BachMa,BachMa,BachMa,BachMa,BachMa,BachMa,BachMa,BachMa,BachMa,BachMa,BachMa,BachMa,BachMa,BachMa,BachMa,BachMa,BachMa,BachMa
vbc02,BachMa,BachMa,BachMa,BachMa,BachMa,BachMa,BachMa,BachMa,BachMa,BachMa,BachMa,BachMa,BachMa,BachMa,BachMa,BachMa,BachMa,BachMa,BachMa,BachMa,BachMa,BachMa,BachMa,BachMa,BachMa,BachMa,BachMa,BachMa,BachMa,BachMa,BachMa,BachMa,BachMa
vbc03,BachMa,BachMa,BachMa,BachMa,BachMa,BachMa,BachMa,BachMa,BachMa,BachMa,BachMa,BachMa,BachMa,BachMa,BachMa,BachMa,BachMa,BachMa,BachMa,BachMa,BachMa,BachMa,BachMa,BachMa,BachMa,BachMa,BachMa,BachMa,BachMa,BachMa,BachMa,BachMa,BachMa
vbc04,BachMa,BachMa,BachMa,BachMa,BachMa,BachMa,BachMa,BachMa,BachMa,BachMa,BachMa,BachMa,BachMa,BachMa,BachMa,BachMa,BachMa,BachMa,BachMa,BachMa,BachMa,BachMa,BachMa,BachMa,BachMa,BachMa,BachMa,BachMa,BachMa,BachMa,BachMa,BachMa,BachMa
vbc05,BachMa,BachMa,BachMa,BachMa,BachMa,BachMa,BachMa,BachMa,BachMa,BachMa,BachMa,BachMa,BachMa,BachMa,BachMa,BachMa,BachMa,BachMa,BachMa,BachMa,BachMa,BachMa,BachMa,BachMa,BachMa,BachMa,BachMa,BachMa,BachMa,BachMa,BachMa,BachMa,BachMa
vbc06,BachMa,BachMa,BachMa,BachMa,BachMa,BachMa,BachMa,BachMa,BachMa,BachMa,BachMa,BachMa,BachMa,BachMa,BachMa,BachMa,BachMa,BachMa,BachMa,BachMa,BachMa,BachMa,BachMa,BachMa,BachMa,BachMa,BachMa,BachMa,BachMa,BachMa,BachMa,BachMa,BachMa
vbc07,BachMa,BachMa,BachMa,BachMa,BachMa,BachMa,BachMa,BachMa,BachMa,BachMa,BachMa,BachMa,BachMa,BachMa,BachMa,BachMa,BachMa,BachMa,BachMa,BachMa,BachMa,BachMa,BachMa,BachMa,BachMa,BachMa,BachMa,BachMa,BachMa,BachMa,BachMa,BachMa,BachMa
vbc08,BachMa,BachMa,BachMa,BachMa,BachMa,BachMa,BachMa,BachMa,BachMa,BachMa,BachMa,BachMa,BachMa,BachMa,BachMa,BachMa,BachMa,BachMa,BachMa,BachMa,BachMa,BachMa,BachMa,BachMa,BachMa,BachMa,BachMa,BachMa,BachMa,BachMa,BachMa,BachMa,BachMa
vbc09,BachMa,BachMa,BachMa,BachMa,BachMa,BachMa,BachMa,BachMa,BachMa,BachMa,BachMa,BachMa,BachMa,BachMa,BachMa,BachMa,BachMa,BachMa,BachMa,BachMa,BachMa,BachMa,BachMa,BachMa,BachMa,BachMa,BachMa,BachMa,BachMa,BachMa,BachMa,BachMa,BachMa
vbc10,BachMa,BachMa,BachMa,BachMa,BachMa,BachMa,BachMa,BachMa,BachMa,BachMa,BachMa,BachMa,BachMa,BachMa,BachMa,BachMa,BachMa,BachMa,BachMa,BachMa,BachMa,BachMa,BachMa,BachMa,BachMa,BachMa,BachMa,BachMa,BachMa,BachMa,BachMa,BachMa,BachMa
vbc11,BachMa,BachMa,BachMa,BachMa,BachMa,BachMa,BachMa,BachMa,BachMa,BachMa,BachMa,BachMa,BachMa,BachMa,BachMa,BachMa,BachMa,BachMa,BachMa,BachMa,BachMa,BachMa,BachMa,BachMa,BachMa,BachMa,BachMa,BachMa,BachMa,BachMa,BachMa,BachMa,BachMa
vbc12,BachMa,BachMa,BachMa,BachMa,BachMa,BachMa,BachMa,BachMa,BachMa,BachMa,BachMa,BachMa,BachMa,BachMa,BachMa,BachMa,BachMa,BachMa,BachMa,BachMa,BachMa,BachMa,BachMa,BachMa,BachMa,BachMa,BachMa,BachMa,BachMa,BachMa,BachMa,BachMa,BachMa
vbc13,BachMa,BachMa,BachMa,BachMa,BachMa,BachMa,BachMa,BachMa,BachMa,BachMa,BachMa,BachMa,BachMa,BachMa,BachMa,BachMa,BachMa,BachMa,BachMa,BachMa,BachMa,BachMa,BachMa,BachMa,BachMa,BachMa,BachMa,BachMa,BachMa,BachMa,BachMa,BachMa,BachMa
vbc14,BachMa,BachMa,BachMa,BachMa,BachMa,BachMa,BachMa,BachMa,BachMa,BachMa,BachMa,BachMa,BachMa,BachMa,BachMa,BachMa,BachMa,BachMa,BachMa,BachMa,BachMa,BachMa,BachMa,BachMa,BachMa,BachMa,BachMa,BachMa,BachMa,BachMa,BachMa,BachMa,BachMa
vbc15,BachMa,BachMa,BachMa,BachMa,BachMa,BachMa,BachMa,BachMa,BachMa,BachMa,BachMa,BachMa,BachMa,BachMa,BachMa,BachMa,BachMa,BachMa,BachMa,BachMa,BachMa,BachMa,BachMa,BachMa,BachMa,BachMa,BachMa,BachMa,BachMa,BachMa,BachMa,BachMa,BachMa
vbc16,BachMa,BachMa,BachMa,BachMa,BachMa,BachMa,BachMa,BachMa,BachMa,BachMa,BachMa,BachMa,BachMa,BachMa,BachMa,BachMa,BachMa,BachMa,BachMa,BachMa,BachMa,BachMa,BachMa,BachMa,BachMa,BachMa,BachMa,BachMa,BachMa,BachMa,BachMa,BachMa,BachMa
vbc17,BachMa,BachMa,BachMa,BachMa,BachMa,BachMa,BachMa,BachMa,BachMa,BachMa,BachMa,BachMa,BachMa,BachMa,BachMa,BachMa,BachMa,BachMa,BachMa,BachMa,BachMa,BachMa,BachMa,BachMa,BachMa,BachMa,BachMa,BachMa,BachMa,BachMa,BachMa,BachMa,BachMa
vbc18,BachMa,BachMa,BachMa,BachMa,BachMa,BachMa,BachMa,BachMa,BachMa,BachMa,BachMa,BachMa,BachMa,BachMa,BachMa,BachMa,BachMa,BachMa,BachMa,BachMa,BachMa,BachMa,BachMa,BachMa,BachMa,BachMa,BachMa,BachMa,BachMa,BachMa,BachMa,BachMa,BachMa
vbc19,BachMa,BachMa,BachMa,BachMa,BachMa,BachMa,BachMa,BachMa,BachMa,BachMa,BachMa,BachMa,BachMa,BachMa,BachMa,BachMa,BachMa,BachMa,BachMa,BachMa,BachMa,BachMa,BachMa,BachMa,BachMa,BachMa,BachMa,BachMa,BachMa,BachMa,BachMa,BachMa,BachMa
vbc20,BachMa,BachMa,BachMa,BachMa,BachMa,BachMa,BachMa,BachMa,BachMa,BachMa,BachMa,BachMa,BachMa,BachMa,BachMa,BachMa,BachMa,BachMa,BachMa,BachMa,BachMa,BachMa,BachMa,BachMa,BachMa,BachMa,BachMa,BachMa,BachMa,BachMa,BachMa,BachMa,BachMa
vbc21,BachMa,BachMa,BachMa,BachMa,BachMa,BachMa,BachMa,BachMa,BachMa,BachMa,BachMa,BachMa,BachMa,BachMa,BachMa,BachMa,BachMa,BachMa,BachMa,BachMa,BachMa,BachMa,BachMa,BachMa,BachMa,BachMa,BachMa,BachMa,BachMa,BachMa,BachMa,BachMa,BachMa
vbc22,BachMa,BachMa,BachMa,BachMa,BachMa,BachMa,BachMa,BachMa,BachMa,BachMa,BachMa,BachMa,BachMa,BachMa,BachMa,BachMa,BachMa,BachMa,BachMa,BachMa,BachMa,BachMa,BachMa,BachMa,BachMa,BachMa,BachMa,BachMa,BachMa,BachMa,BachMa,BachMa,BachMa
vbc23,BachMa,BachMa,BachMa,BachMa,BachMa,BachMa,BachMa,BachMa,BachMa,BachMa,BachMa,BachMa,BachMa,BachMa,BachMa,BachMa,BachMa,BachMa,BachMa,BachMa,BachMa,BachMa,BachMa,BachMa,BachMa,BachMa,BachMa,BachMa,BachMa,BachMa,BachMa,BachMa,BachMa
vbc24,BachMa,BachMa,BachMa,BachMa,BachMa,BachMa,BachMa,BachMa,BachMa,BachMa,BachMa,BachMa,BachMa,BachMa,BachMa,BachMa,BachMa,BachMa,BachMa,BachMa,BachMa,BachMa,BachMa,BachMa,BachMa,BachMa,BachMa,BachMa,BachMa,BachMa,BachMa,BachMa,BachMa
vbc25,BachMa,BachMa,BachMa,BachMa,BachMa,BachMa,BachMa,BachMa,BachMa,BachMa,BachMa,BachMa,BachMa,BachMa,BachMa,BachMa,BachMa,BachMa,BachMa,BachMa,BachMa,BachMa,BachMa,BachMa,BachMa,BachMa,BachMa,BachMa,BachMa,BachMa,BachMa,BachMa,BachMa
vbc27,BachMa,BachMa,BachMa,BachMa,BachMa,BachMa,BachMa,BachMa,BachMa,BachMa,BachMa,BachMa,BachMa,BachMa,BachMa,BachMa,BachMa,BachMa,BachMa,BachMa,BachMa,BachMa,BachMa,BachMa,BachMa,BachMa,BachMa,BachMa,BachMa,BachMa,BachMa,BachMa,BachMa
vbc28,BachMa,BachMa,BachMa,BachMa,BachMa,BachMa,BachMa,BachMa,BachMa,BachMa,BachMa,BachMa,BachMa,BachMa,BachMa,BachMa,BachMa,BachMa,BachMa,BachMa,BachMa,BachMa,BachMa,BachMa,BachMa,BachMa,BachMa,BachMa,BachMa,BachMa,BachMa,BachMa,BachMa
vbc29,BachMa,BachMa,BachMa,BachMa,BachMa,BachMa,BachMa,BachMa,BachMa,BachMa,BachMa,BachMa,BachMa,BachMa,BachMa,BachMa,BachMa,BachMa,BachMa,BachMa,BachMa,BachMa,BachMa,BachMa,BachMa,BachMa,BachMa,BachMa,BachMa,BachMa,BachMa,BachMa,BachMa
vbc30,BachMa,BachMa,BachMa,BachMa,BachMa,BachMa,BachMa,BachMa,BachMa,BachMa,BachMa,BachMa,BachMa,BachMa,BachMa,BachMa,BachMa,BachMa,BachMa,BachMa,BachMa,BachMa,BachMa,BachMa,BachMa,BachMa,BachMa,BachMa,BachMa,BachMa,BachMa,BachMa,BachMa
vbc31,BachMa,BachMa,BachMa,BachMa,BachMa,BachMa,BachMa,BachMa,BachMa,BachMa,BachMa,BachMa,BachMa,BachMa,BachMa,BachMa,BachMa,BachMa,BachMa,BachMa,BachMa,BachMa,BachMa,BachMa,BachMa,BachMa,BachMa,BachMa,BachMa,BachMa,BachMa,BachMa,BachMa
vbc32,BachMa,BachMa,BachMa,BachMa,BachMa,BachMa,BachMa,BachMa,BachMa,BachMa,BachMa,BachMa,BachMa,BachMa,BachMa,BachMa,BachMa,BachMa,BachMa,BachMa,BachMa,BachMa,BachMa,BachMa,BachMa,BachMa,BachMa,BachMa,BachMa,BachMa,BachMa,BachMa,BachMa
vbc33,BachMa,BachMa,BachMa,BachMa,BachMa,BachMa,BachMa,BachMa,BachMa,BachMa,BachMa,BachMa,BachMa,BachMa,BachMa,BachMa,BachMa,BachMa,BachMa,BachMa,BachMa,BachMa,BachMa,BachMa,BachMa,BachMa,BachMa,BachMa,BachMa,BachMa,BachMa,BachMa,BachMa
vbc34,BachMa,BachMa,BachMa,BachMa,BachMa,BachMa,BachMa,BachMa,BachMa,BachMa,BachMa,BachMa,BachMa,BachMa,BachMa,BachMa,BachMa,BachMa,BachMa,BachMa,BachMa,BachMa,BachMa,BachMa,BachMa,BachMa,BachMa,BachMa,BachMa,BachMa,BachMa,BachMa,BachMa
vbc36,BachMa,BachMa,BachMa,BachMa,BachMa,BachMa,BachMa,BachMa,BachMa,BachMa,BachMa,BachMa,BachMa,BachMa,BachMa,BachMa,BachMa,BachMa,BachMa,BachMa,BachMa,BachMa,BachMa,BachMa,BachMa,BachMa,BachMa,BachMa,BachMa,BachMa,BachMa,BachMa,BachMa
vbc37,BachMa,BachMa,BachMa,BachMa,BachMa,BachMa,BachMa,BachMa,BachMa,BachMa,BachMa,BachMa,BachMa,BachMa,BachMa,BachMa,BachMa,BachMa,BachMa,BachMa,BachMa,BachMa,BachMa,BachMa,BachMa,BachMa,BachMa,BachMa,BachMa,BachMa,BachMa,BachMa,BachMa
vbc38,BachMa,BachMa,BachMa,BachMa,BachMa,BachMa,BachMa,BachMa,BachMa,BachMa,BachMa,BachMa,BachMa,BachMa,BachMa,BachMa,BachMa,BachMa,BachMa,BachMa,BachMa,BachMa,BachMa,BachMa,BachMa,BachMa,BachMa,BachMa,BachMa,BachMa,BachMa,BachMa,BachMa
vbc39,BachMa,BachMa,BachMa,BachMa,BachMa,BachMa,BachMa,BachMa,BachMa,BachMa,BachMa,BachMa,BachMa,BachMa,BachMa,BachMa,BachMa,BachMa,BachMa,BachMa,BachMa,BachMa,BachMa,BachMa,BachMa,BachMa,BachMa,BachMa,BachMa,BachMa,BachMa,BachMa,BachMa
vbc40,BachMa,BachMa,BachMa,BachMa,BachMa,BachMa,BachMa,BachMa,BachMa,BachMa,BachMa,BachMa,BachMa,BachMa,BachMa,BachMa,BachMa,BachMa,BachMa,BachMa,BachMa,BachMa,BachMa,BachMa,BachMa,BachMa,BachMa,BachMa,BachMa,BachMa,BachMa,BachMa,BachMa
vbc41,BachMa,BachMa,BachMa,BachMa,BachMa,BachMa,BachMa,BachMa,BachMa,BachMa,BachMa,BachMa,BachMa,BachMa,BachMa,BachMa,BachMa,BachMa,BachMa,BachMa,BachMa,BachMa,BachMa,BachMa,BachMa,BachMa,BachMa,BachMa,BachMa,BachMa,BachMa,BachMa,BachMa
vbc42,BachMa,BachMa,BachMa,BachMa,BachMa,BachMa,BachMa,BachMa,BachMa,BachMa,BachMa,BachMa,BachMa,BachMa,BachMa,BachMa,BachMa,BachMa,BachMa,BachMa,BachMa,BachMa,BachMa,BachMa,BachMa,BachMa,BachMa,BachMa,BachMa,BachMa,BachMa,BachMa,BachMa
vbc43,BachMa,BachMa,BachMa,BachMa,BachMa,BachMa,BachMa,BachMa,BachMa,BachMa,BachMa,BachMa,BachMa,BachMa,BachMa,BachMa,BachMa,BachMa,BachMa,BachMa,BachMa,BachMa,BachMa,BachMa,BachMa,BachMa,BachMa,BachMa,BachMa,BachMa,BachMa,BachMa,BachMa
vbc44,BachMa,BachMa,BachMa,BachMa,BachMa,BachMa,BachMa,BachMa,BachMa,BachMa,BachMa,BachMa,BachMa,BachMa,BachMa,BachMa,BachMa,BachMa,BachMa,BachMa,BachMa,BachMa,BachMa,BachMa,BachMa,BachMa,BachMa,BachMa,BachMa,BachMa,BachMa,BachMa,BachMa
vbc45,BachMa,BachMa,BachMa,BachMa,BachMa,BachMa,BachMa,BachMa,BachMa,BachMa,BachMa,BachMa,BachMa,BachMa,BachMa,BachMa,BachMa,BachMa,BachMa,BachMa,BachMa,BachMa,BachMa,BachMa,BachMa,BachMa,BachMa,BachMa,BachMa,BachMa,BachMa,BachMa,BachMa
vbc46,BachMa,BachMa,BachMa,BachMa,BachMa,BachMa,BachMa,BachMa,BachMa,BachMa,BachMa,BachMa,BachMa,BachMa,BachMa,BachMa,BachMa,BachMa,BachMa,BachMa,BachMa,BachMa,BachMa,BachMa,BachMa,BachMa,BachMa,BachMa,BachMa,BachMa,BachMa,BachMa,BachMa
vbc47,BachMa,BachMa,BachMa,BachMa,BachMa,BachMa,BachMa,BachMa,BachMa,BachMa,BachMa,BachMa,BachMa,BachMa,BachMa,BachMa,BachMa,BachMa,BachMa,BachMa,BachMa,BachMa,BachMa,BachMa,BachMa,BachMa,BachMa,BachMa,BachMa,BachMa,BachMa,BachMa,BachMa
vbc48,BachMa,BachMa,BachMa,BachMa,BachMa,BachMa,BachMa,BachMa,BachMa,BachMa,BachMa,BachMa,BachMa,BachMa,BachMa,BachMa,BachMa,BachMa,BachMa,BachMa,BachMa,BachMa,BachMa,BachMa,BachMa,BachMa,BachMa,BachMa,BachMa,BachMa,BachMa,BachMa,BachMa
vbc49,BachMa,BachMa,BachMa,BachMa,BachMa,BachMa,BachMa,BachMa,BachMa,BachMa,BachMa,BachMa,BachMa,BachMa,BachMa,BachMa,BachMa,BachMa,BachMa,BachMa,BachMa,BachMa,BachMa,BachMa,BachMa,BachMa,BachMa,BachMa,BachMa,BachMa,BachMa,BachMa,BachMa
vbc50,BachMa,BachMa,BachMa,BachMa,BachMa,BachMa,BachMa,BachMa,BachMa,BachMa,BachMa,BachMa,BachMa,BachMa,BachMa,BachMa,BachMa,BachMa,BachMa,BachMa,BachMa,BachMa,BachMa,BachMa,BachMa,BachMa,BachMa,BachMa,BachMa,BachMa,BachMa,BachMa,BachMa
vbc51,BachMa,BachMa,BachMa,BachMa,BachMa,BachMa,BachMa,BachMa,BachMa,BachMa,BachMa,BachMa,BachMa,BachMa,BachMa,BachMa,BachMa,BachMa,BachMa,BachMa,BachMa,BachMa,BachMa,BachMa,BachMa,BachMa,BachMa,BachMa,BachMa,BachMa,BachMa,BachMa,BachMa
vbc52,BachMa,BachMa,BachMa,BachMa,BachMa,BachMa,BachMa,BachMa,BachMa,BachMa,BachMa,BachMa,BachMa,BachMa,BachMa,BachMa,BachMa,BachMa,BachMa,BachMa,BachMa,BachMa,BachMa,BachMa,BachMa,BachMa,BachMa,BachMa,BachMa,BachMa,BachMa,BachMa,BachMa
vbc53,BachMa,BachMa,BachMa,BachMa,BachMa,BachMa,BachMa,BachMa,BachMa,BachMa,BachMa,BachMa,BachMa,BachMa,BachMa,BachMa,BachMa,BachMa,BachMa,BachMa,BachMa,BachMa,BachMa,BachMa,BachMa,BachMa,BachMa,BachMa,BachMa,BachMa,BachMa,BachMa,BachMa
vbc54,BachMa,BachMa,BachMa,BachMa,BachMa,BachMa,BachMa,BachMa,BachMa,BachMa,BachMa,BachMa,BachMa,BachMa,BachMa,BachMa,BachMa,BachMa,BachMa,BachMa,BachMa,BachMa,BachMa,BachMa,BachMa,BachMa,BachMa,BachMa,BachMa,BachMa,BachMa,BachMa,BachMa
vbc55,BachMa,BachMa,BachMa,BachMa,BachMa,BachMa,BachMa,BachMa,BachMa,BachMa,BachMa,BachMa,BachMa,BachMa,BachMa,BachMa,BachMa,BachMa,BachMa,BachMa,BachMa,BachMa,BachMa,BachMa,BachMa,BachMa,BachMa,BachMa,BachMa,BachMa,BachMa,BachMa,BachMa
vsc01,Saola,Saola,Saola,Saola,Saola,Saola,Saola,Saola,Saola,Saola,Saola,Saola,Saola,Saola,Saola,Saola,Saola,Saola,Saola,Saola,Saola,Saola,Saola,Saola,Saola,Saola,Saola,Saola,Saola,Saola,Saola,Saola,Saola
vsc02,Saola,Saola,Saola,Saola,Saola,Saola,Saola,Saola,Saola,Saola,Saola,Saola,Saola,Saola,Saola,Saola,Saola,Saola,Saola,Saola,Saola,Saola,Saola,Saola,Saola,Saola,Saola,Saola,Saola,Saola,Saola,Saola,Saola
vsc03,Saola,Saola,Saola,Saola,Saola,Saola,Saola,Saola,Saola,Saola,Saola,Saola,Saola,Saola,Saola,Saola,Saola,Saola,Saola,Saola,Saola,Saola,Saola,Saola,Saola,Saola,Saola,Saola,Saola,Saola,Saola,Saola,Saola
vsc04,Saola,Saola,Saola,Saola,Saola,Saola,Saola,Saola,Saola,Saola,Saola,Saola,Saola,Saola,Saola,Saola,Saola,Saola,Saola,Saola,Saola,Saola,Saola,Saola,Saola,Saola,Saola,Saola,Saola,Saola,Saola,Saola,Saola
vsc05,Saola,Saola,Saola,Saola,Saola,Saola,Saola,Saola,Saola,Saola,Saola,Saola,Saola,Saola,Saola,Saola,Saola,Saola,Saola,Saola,Saola,Saola,Saola,Saola,Saola,Saola,Saola,Saola,Saola,Saola,Saola,Saola,Saola
vsc06,Saola,Saola,Saola,Saola,Saola,Saola,Saola,Saola,Saola,Saola,Saola,Saola,Saola,Saola,Saola,Saola,Saola,Saola,Saola,Saola,Saola,Saola,Saola,Saola,Saola,Saola,Saola,Saola,Saola,Saola,Saola,Saola,Saola
vsc07,Saola,Saola,Saola,Saola,Saola,Saola,Saola,Saola,Saola,Saola,Saola,Saola,Saola,Saola,Saola,Saola,Saola,Saola,Saola,Saola,Saola,Saola,Saola,Saola,Saola,Saola,Saola,Saola,Saola,Saola,Saola,Saola,Saola
vsc08,Saola,Saola,Saola,Saola,Saola,Saola,Saola,Saola,Saola,Saola,Saola,Saola,Saola,Saola,Saola,Saola,Saola,Saola,Saola,Saola,Saola,Saola,Saola,Saola,Saola,Saola,Saola,Saola,Saola,Saola,Saola,Saola,Saola
vsc09,Saola,Saola,Saola,Saola,Saola,Saola,Saola,Saola,Saola,Saola,Saola,Saola,Saola,Saola,Saola,Saola,Saola,Saola,Saola,Saola,Saola,Saola,Saola,Saola,Saola,Saola,Saola,Saola,Saola,Saola,Saola,Saola,Saola
vsc10,Saola,Saola,Saola,Saola,Saola,Saola,Saola,Saola,Saola,Saola,Saola,Saola,Saola,Saola,Saola,Saola,Saola,Saola,Saola,Saola,Saola,Saola,Saola,Saola,Saola,Saola,Saola,Saola,Saola,Saola,Saola,Saola,Saola
vsc11,Saola,Saola,Saola,Saola,Saola,Saola,Saola,Saola,Saola,Saola,Saola,Saola,Saola,Saola,Saola,Saola,Saola,Saola,Saola,Saola,Saola,Saola,Saola,Saola,Saola,Saola,Saola,Saola,Saola,Saola,Saola,Saola,Saola
vsc12,Saola,Saola,Saola,Saola,Saola,Saola,Saola,Saola,Saola,Saola,Saola,Saola,Saola,Saola,Saola,Saola,Saola,Saola,Saola,Saola,Saola,Saola,Saola,Saola,Saola,Saola,Saola,Saola,Saola,Saola,Saola,Saola,Saola
vsc15,Saola,Saola,Saola,Saola,Saola,Saola,Saola,Saola,Saola,Saola,Saola,Saola,Saola,Saola,Saola,Saola,Saola,Saola,Saola,Saola,Saola,Saola,Saola,Saola,Saola,Saola,Saola,Saola,Saola,Saola,Saola,Saola,Saola
vsc16,Saola,Saola,Saola,Saola,Saola,Saola,Saola,Saola,Saola,Saola,Saola,Saola,Saola,Saola,Saola,Saola,Saola,Saola,Saola,Saola,Saola,Saola,Saola,Saola,Saola,Saola,Saola,Saola,Saola,Saola,Saola,Saola,Saola
vsc20,Saola,Saola,Saola,Saola,Saola,Saola,Saola,Saola,Saola,Saola,Saola,Saola,Saola,Saola,Saola,Saola,Saola,Saola,Saola,Saola,Saola,Saola,Saola,Saola,Saola,Saola,Saola,Saola,Saola,Saola,Saola,Saola,Saola
vsc21,Saola,Saola,Saola,Saola,Saola,Saola,Saola,Saola,Saola,Saola,Saola,Saola,Saola,Saola,Saola,Saola,Saola,Saola,Saola,Saola,Saola,Saola,Saola,Saola,Saola,Saola,Saola,Saola,Saola,Saola,Saola,Saola,Saola
vsc22,Saola,Saola,Saola,Saola,Saola,Saola,Saola,Saola,Saola,Saola,Saola,Saola,Saola,Saola,Saola,Saola,Saola,Saola,Saola,Saola,Saola,Saola,Saola,Saola,Saola,Saola,Saola,Saola,Saola,Saola,Saola,Saola,Saola
vsc23,Saola,Saola,Saola,Saola,Saola,Saola,Saola,Saola,Saola,Saola,Saola,Saola,Saola,Saola,Saola,Saola,Saola,Saola,Saola,Saola,Saola,Saola,Saola,Saola,Saola,Saola,Saola,Saola,Saola,Saola,Saola,Saola,Saola
vsc24,Saola,Saola,Saola,Saola,Saola,Saola,Saola,Saola,Saola,Saola,Saola,Saola,Saola,Saola,Saola,Saola,Saola,Saola,Saola,Saola,Saola,Saola,Saola,Saola,Saola,Saola,Saola,Saola,Saola,Saola,Saola,Saola,Saola
vsc26,Saola,Saola,Saola,Saola,Saola,Saola,Saola,Saola,Saola,Saola,Saola,Saola,Saola,Saola,Saola,Saola,Saola,Saola,Saola,Saola,Saola,Saola,Saola,Saola,Saola,Saola,Saola,Saola,Saola,Saola,Saola,Saola,Saola
vsc27,Saola,Saola,Saola,Saola,Saola,Saola,Saola,Saola,Saola,Saola,Saola,Saola,Saola,Saola,Saola,Saola,Saola,Saola,Saola,Saola,Saola,Saola,Saola,Saola,Saola,Saola,Saola,Saola,Saola,Saola,Saola,Saola,Saola
vsc28,Saola,Saola,Saola,Saola,Saola,Saola,Saola,Saola,Saola,Saola,Saola,Saola,Saola,Saola,Saola,Saola,Saola,Saola,Saola,Saola,Saola,Saola,Saola,Saola,Saola,Saola,Saola,Saola,Saola,Saola,Saola,Saola,Saola
vsc29,Saola,Saola,Saola,Saola,Saola,Saola,Saola,Saola,Saola,Saola,Saola,Saola,Saola,Saola,Saola,Saola,Saola,Saola,Saola,Saola,Saola,Saola,Saola,Saola,Saola,Saola,Saola,Saola,Saola,Saola,Saola,Saola,Saola
vsc30,Saola,Saola,Saola,Saola,Saola,Saola,Saola,Saola,Saola,Saola,Saola,Saola,Saola,Saola,Saola,Saola,Saola,Saola,Saola,Saola,Saola,Saola,Saola,Saola,Saola,Saola,Saola,Saola,Saola,Saola,Saola,Saola,Saola
vsc31,Saola,Saola,Saola,Saola,Saola,Saola,Saola,Saola,Saola,Saola,Saola,Saola,Saola,Saola,Saola,Saola,Saola,Saola,Saola,Saola,Saola,Saola,Saola,Saola,Saola,Saola,Saola,Saola,Saola,Saola,Saola,Saola,Saola
vsc32,Saola,Saola,Saola,Saola,Saola,Saola,Saola,Saola,Saola,Saola,Saola,Saola,Saola,Saola,Saola,Saola,Saola,Saola,Saola,Saola,Saola,Saola,Saola,Saola,Saola,Saola,Saola,Saola,Saola,Saola,Saola,Saola,Saola
vsc33,Saola,Saola,Saola,Saola,Saola,Saola,Saola,Saola,Saola,Saola,Saola,Saola,Saola,Saola,Saola,Saola,Saola,Saola,Saola,Saola,Saola,Saola,Saola,Saola,Saola,Saola,Saola,Saola,Saola,Saola,Saola,Saola,Saola
vsc34,Saola,Saola,Saola,Saola,Saola,Saola,Saola,Saola,Saola,Saola,Saola,Saola,Saola,Saola,Saola,Saola,Saola,Saola,Saola,Saola,Saola,Saola,Saola,Saola,Saola,Saola,Saola,Saola,Saola,Saola,Saola,Saola,Saola
vsc35,Saola,Saola,Saola,Saola,Saola,Saola,Saola,Saola,Saola,Saola,Saola,Saola,Saola,Saola,Saola,Saola,Saola,Saola,Saola,Saola,Saola,Saola,Saola,Saola,Saola,Saola,Saola,Saola,Saola,Saola,Saola,Saola,Saola
vsc36,Saola,Saola,Saola,Saola,Saola,Saola,Saola,Saola,Saola,Saola,Saola,Saola,Saola,Saola,Saola,Saola,Saola,Saola,Saola,Saola,Saola,Saola,Saola,Saola,Saola,Saola,Saola,Saola,Saola,Saola,Saola,Saola,Saola
vsc37,Saola,Saola,Saola,Saola,Saola,Saola,Saola,Saola,Saola,Saola,Saola,Saola,Saola,Saola,Saola,Saola,Saola,Saola,Saola,Saola,Saola,Saola,Saola,Saola,Saola,Saola,Saola,Saola,Saola,Saola,Saola,Saola,Saola
vsc39,Saola,Saola,Saola,Saola,Saola,Saola,Saola,Saola,Saola,Saola,Saola,Saola,Saola,Saola,Saola,Saola,Saola,Saola,Saola,Saola,Saola,Saola,Saola,Saola,Saola,Saola,Saola,Saola,Saola,Saola,Saola,Saola,Saola
vsc40,Saola,Saola,Saola,Saola,Saola,Saola,Saola,Saola,Saola,Saola,Saola,Saola,Saola,Saola,Saola,Saola,Saola,Saola,Saola,Saola,Saola,Saola,Saola,Saola,Saola,Saola,Saola,Saola,Saola,Saola,Saola,Saola,Saola
vsc41,Saola,Saola,Saola,Saola,Saola,Saola,Saola,Saola,Saola,Saola,Saola,Saola,Saola,Saola,Saola,Saola,Saola,Saola,Saola,Saola,Saola,Saola,Saola,Saola,Saola,Saola,Saola,Saola,Saola,Saola,Saola,Saola,Saola
vsc42,Saola,Saola,Saola,Saola,Saola,Saola,Saola,Saola,Saola,Saola,Saola,Saola,Saola,Saola,Saola,Saola,Saola,Saola,Saola,Saola,Saola,Saola,Saola,Saola,Saola,Saola,Saola,Saola,Saola,Saola,Saola,Saola,Saola
vsc44,Saola,Saola,Saola,Saola,Saola,Saola,Saola,Saola,Saola,Saola,Saola,Saola,Saola,Saola,Saola,Saola,Saola,Saola,Saola,Saola,Saola,Saola,Saola,Saola,Saola,Saola,Saola,Saola,Saola,Saola,Saola,Saola,Saola
vsc45,Saola,Saola,Saola,Saola,Saola,Saola,Saola,Saola,Saola,Saola,Saola,Saola,Saola,Saola,Saola,Saola,Saola,Saola,Saola,Saola,Saola,Saola,Saola,Saola,Saola,Saola,Saola,Saola,Saola,Saola,Saola,Saola,Saola
vsc46,Saola,Saola,Saola,Saola,Saola,Saola,Saola,Saola,Saola,Saola,Saola,Saola,Saola,Saola,Saola,Saola,Saola,Saola,Saola,Saola,Saola,Saola,Saola,Saola,Saola,Saola,Saola,Saola,Saola,Saola,Saola,Saola,Saola
vsc47,Saola,Saola,Saola,Saola,Saola,Saola,Saola,Saola,Saola,Saola,Saola,Saola,Saola,Saola,Saola,Saola,Saola,Saola,Saola,Saola,Saola,Saola,Saola,Saola,Saola,Saola,Saola,Saola,Saola,Saola,Saola,Saola,Saola
vsc48,Saola,Saola,Saola,Saola,Saola,Saola,Saola,Saola,Saola,Saola,Saola,Saola,Saola,Saola,Saola,Saola,Saola,Saola,Saola,Saola,Saola,Saola,Saola,Saola,Saola,Saola,Saola,Saola,Saola,Saola,Saola,Saola,Saola
vsc49,Saola,Saola,Saola,Saola,Saola,Saola,Saola,Saola,Saola,Saola,Saola,Saola,Saola,Saola,Saola,Saola,Saola,Saola,Saola,Saola,Saola,Saola,Saola,Saola,Saola,Saola,Saola,Saola,Saola,Saola,Saola,Saola,Saola
vsc50,Saola,Saola,Saola,Saola,Saola,Saola,Saola,Saola,Saola,Saola,Saola,Saola,Saola,Saola,Saola,Saola,Saola,Saola,Saola,Saola,Saola,Saola,Saola,Saola,Saola,Saola,Saola,Saola,Saola,Saola,Saola,Saola,Saola
vsc51,Saola,Saola,Saola,Saola,Saola,Saola,Saola,Saola,Saola,Saola,Saola,Saola,Saola,Saola,Saola,Saola,Saola,Saola,Saola,Saola,Saola,Saola,Saola,Saola,Saola,Saola,Saola,Saola,Saola,Saola,Saola,Saola,Saola
vsc52,Saola,Saola,Saola,Saola,Saola,Saola,Saola,Saola,Saola,Saola,Saola,Saola,Saola,Saola,Saola,Saola,Saola,Saola,Saola,Saola,Saola,Saola,Saola,Saola,Saola,Saola,Saola,Saola,Saola,Saola,Saola,Saola,Saola
vsc53,Saola,Saola,Saola,Saola,Saola,Saola,Saola,Saola,Saola,Saola,Saola,Saola,Saola,Saola,Saola,Saola,Saola,Saola,Saola,Saola,Saola,Saola,Saola,Saola,Saola,Saola,Saola,Saola,Saola,Saola,Saola,Saola,Saola
vsc54,Saola,Saola,Saola,Saola,Saola,Saola,Saola,Saola,Saola,Saola,Saola,Saola,Saola,Saola,Saola,Saola,Saola,Saola,Saola,Saola,Saola,Saola,Saola,Saola,Saola,Saola,Saola,Saola,Saola,Saola,Saola,Saola,Saola
xs01,XeSap,XeSap,XeSap,XeSap,XeSap,XeSap,XeSap,XeSap,XeSap,XeSap,XeSap,XeSap,XeSap,XeSap,XeSap,XeSap,XeSap,XeSap,XeSap,XeSap,XeSap,XeSap,XeSap,XeSap,XeSap,XeSap,XeSap,XeSap,XeSap,XeSap,XeSap,XeSap,XeSap
xs02,XeSap,XeSap,XeSap,XeSap,XeSap,XeSap,XeSap,XeSap,XeSap,XeSap,XeSap,XeSap,XeSap,XeSap,XeSap,XeSap,XeSap,XeSap,XeSap,XeSap,XeSap,XeSap,XeSap,XeSap,XeSap,XeSap,XeSap,XeSap,XeSap,XeSap,XeSap,XeSap,XeSap
xs03,XeSap,XeSap,XeSap,XeSap,XeSap,XeSap,XeSap,XeSap,XeSap,XeSap,XeSap,XeSap,XeSap,XeSap,XeSap,XeSap,XeSap,XeSap,XeSap,XeSap,XeSap,XeSap,XeSap,XeSap,XeSap,XeSap,XeSap,XeSap,XeSap,XeSap,XeSap,XeSap,XeSap
xs04,XeSap,XeSap,XeSap,XeSap,XeSap,XeSap,XeSap,XeSap,XeSap,XeSap,XeSap,XeSap,XeSap,XeSap,XeSap,XeSap,XeSap,XeSap,XeSap,XeSap,XeSap,XeSap,XeSap,XeSap,XeSap,XeSap,XeSap,XeSap,XeSap,XeSap,XeSap,XeSap,XeSap
xs08,XeSap,XeSap,XeSap,XeSap,XeSap,XeSap,XeSap,XeSap,XeSap,XeSap,XeSap,XeSap,XeSap,XeSap,XeSap,XeSap,XeSap,XeSap,XeSap,XeSap,XeSap,XeSap,XeSap,XeSap,XeSap,XeSap,XeSap,XeSap,XeSap,XeSap,XeSap,XeSap,XeSap
xs09,XeSap,XeSap,XeSap,XeSap,XeSap,XeSap,XeSap,XeSap,XeSap,XeSap,XeSap,XeSap,XeSap,XeSap,XeSap,XeSap,XeSap,XeSap,XeSap,XeSap,XeSap,XeSap,XeSap,XeSap,XeSap,XeSap,XeSap,XeSap,XeSap,XeSap,XeSap,XeSap,XeSap
xs10,XeSap,XeSap,XeSap,XeSap,XeSap,XeSap,XeSap,XeSap,XeSap,XeSap,XeSap,XeSap,XeSap,XeSap,XeSap,XeSap,XeSap,XeSap,XeSap,XeSap,XeSap,XeSap,XeSap,XeSap,XeSap,XeSap,XeSap,XeSap,XeSap,XeSap,XeSap,XeSap,XeSap
xs11,XeSap,XeSap,XeSap,XeSap,XeSap,XeSap,XeSap,XeSap,XeSap,XeSap,XeSap,XeSap,XeSap,XeSap,XeSap,XeSap,XeSap,XeSap,XeSap,XeSap,XeSap,XeSap,XeSap,XeSap,XeSap,XeSap,XeSap,XeSap,XeSap,XeSap,XeSap,XeSap,XeSap
xs12,XeSap,XeSap,XeSap,XeSap,XeSap,XeSap,XeSap,XeSap,XeSap,XeSap,XeSap,XeSap,XeSap,XeSap,XeSap,XeSap,XeSap,XeSap,XeSap,XeSap,XeSap,XeSap,XeSap,XeSap,XeSap,XeSap,XeSap,XeSap,XeSap,XeSap,XeSap,XeSap,XeSap
xs13,XeSap,XeSap,XeSap,XeSap,XeSap,XeSap,XeSap,XeSap,XeSap,XeSap,XeSap,XeSap,XeSap,XeSap,XeSap,XeSap,XeSap,XeSap,XeSap,XeSap,XeSap,XeSap,XeSap,XeSap,XeSap,XeSap,XeSap,XeSap,XeSap,XeSap,XeSap,XeSap,XeSap
xs14,XeSap,XeSap,XeSap,XeSap,XeSap,XeSap,XeSap,XeSap,XeSap,XeSap,XeSap,XeSap,XeSap,XeSap,XeSap,XeSap,XeSap,XeSap,XeSap,XeSap,XeSap,XeSap,XeSap,XeSap,XeSap,XeSap,XeSap,XeSap,XeSap,XeSap,XeSap,XeSap,XeSap
xs18,XeSap,XeSap,XeSap,XeSap,XeSap,XeSap,XeSap,XeSap,XeSap,XeSap,XeSap,XeSap,XeSap,XeSap,XeSap,XeSap,XeSap,XeSap,XeSap,XeSap,XeSap,XeSap,XeSap,XeSap,XeSap,XeSap,XeSap,XeSap,XeSap,XeSap,XeSap,XeSap,XeSap
xs19,XeSap,XeSap,XeSap,XeSap,XeSap,XeSap,XeSap,XeSap,XeSap,XeSap,XeSap,XeSap,XeSap,XeSap,XeSap,XeSap,XeSap,XeSap,XeSap,XeSap,XeSap,XeSap,XeSap,XeSap,XeSap,XeSap,XeSap,XeSap,XeSap,XeSap,XeSap,XeSap,XeSap
xs20,XeSap,XeSap,XeSap,XeSap,XeSap,XeSap,XeSap,XeSap,XeSap,XeSap,XeSap,XeSap,XeSap,XeSap,XeSap,XeSap,XeSap,XeSap,XeSap,XeSap,XeSap,XeSap,XeSap,XeSap,XeSap,XeSap,XeSap,XeSap,XeSap,XeSap,XeSap,XeSap,XeSap
xs21,XeSap,XeSap,XeSap,XeSap,XeSap,XeSap,XeSap,XeSap,XeSap,XeSap,XeSap,XeSap,XeSap,XeSap,XeSap,XeSap,XeSap,XeSap,XeSap,XeSap,XeSap,XeSap,XeSap,XeSap,XeSap,XeSap,XeSap,XeSap,XeSap,XeSap,XeSap,XeSap,XeSap
xs22,XeSap,XeSap,XeSap,XeSap,XeSap,XeSap,XeSap,XeSap,XeSap,XeSap,XeSap,XeSap,XeSap,XeSap,XeSap,XeSap,XeSap,XeSap,XeSap,XeSap,XeSap,XeSap,XeSap,XeSap,XeSap,XeSap,XeSap,XeSap,XeSap,XeSap,XeSap,XeSap,XeSap
xs23,XeSap,XeSap,XeSap,XeSap,XeSap,XeSap,XeSap,XeSap,XeSap,XeSap,XeSap,XeSap,XeSap,XeSap,XeSap,XeSap,XeSap,XeSap,XeSap,XeSap,XeSap,XeSap,XeSap,XeSap,XeSap,XeSap,XeSap,XeSap,XeSap,XeSap,XeSap,XeSap,XeSap
xs24,XeSap,XeSap,XeSap,XeSap,XeSap,XeSap,XeSap,XeSap,XeSap,XeSap,XeSap,XeSap,XeSap,XeSap,XeSap,XeSap,XeSap,XeSap,XeSap,XeSap,XeSap,XeSap,XeSap,XeSap,XeSap,XeSap,XeSap,XeSap,XeSap,XeSap,XeSap,XeSap,XeSap
xs25,XeSap,XeSap,XeSap,XeSap,XeSap,XeSap,XeSap,XeSap,XeSap,XeSap,XeSap,XeSap,XeSap,XeSap,XeSap,XeSap,XeSap,XeSap,XeSap,XeSap,XeSap,XeSap,XeSap,XeSap,XeSap,XeSap,XeSap,XeSap,XeSap,XeSap,XeSap,XeSap,XeSap
xs26,XeSap,XeSap,XeSap,XeSap,XeSap,XeSap,XeSap,XeSap,XeSap,XeSap,XeSap,XeSap,XeSap,XeSap,XeSap,XeSap,XeSap,XeSap,XeSap,XeSap,XeSap,XeSap,XeSap,XeSap,XeSap,XeSap,XeSap,XeSap,XeSap,XeSap,XeSap,XeSap,XeSap
xs28,XeSap,XeSap,XeSap,XeSap,XeSap,XeSap,XeSap,XeSap,XeSap,XeSap,XeSap,XeSap,XeSap,XeSap,XeSap,XeSap,XeSap,XeSap,XeSap,XeSap,XeSap,XeSap,XeSap,XeSap,XeSap,XeSap,XeSap,XeSap,XeSap,XeSap,XeSap,XeSap,XeSap
xs29,XeSap,XeSap,XeSap,XeSap,XeSap,XeSap,XeSap,XeSap,XeSap,XeSap,XeSap,XeSap,XeSap,XeSap,XeSap,XeSap,XeSap,XeSap,XeSap,XeSap,XeSap,XeSap,XeSap,XeSap,XeSap,XeSap,XeSap,XeSap,XeSap,XeSap,XeSap,XeSap,XeSap
xs30,XeSap,XeSap,XeSap,XeSap,XeSap,XeSap,XeSap,XeSap,XeSap,XeSap,XeSap,XeSap,XeSap,XeSap,XeSap,XeSap,XeSap,XeSap,XeSap,XeSap,XeSap,XeSap,XeSap,XeSap,XeSap,XeSap,XeSap,XeSap,XeSap,XeSap,XeSap,XeSap,XeSap
xs31,XeSap,XeSap,XeSap,XeSap,XeSap,XeSap,XeSap,XeSap,XeSap,XeSap,XeSap,XeSap,XeSap,XeSap,XeSap,XeSap,XeSap,XeSap,XeSap,XeSap,XeSap,XeSap,XeSap,XeSap,XeSap,XeSap,XeSap,XeSap,XeSap,XeSap,XeSap,XeSap,XeSap
xs32,XeSap,XeSap,XeSap,XeSap,XeSap,XeSap,XeSap,XeSap,XeSap,XeSap,XeSap,XeSap,XeSap,XeSap,XeSap,XeSap,XeSap,XeSap,XeSap,XeSap,XeSap,XeSap,XeSap,XeSap,XeSap,XeSap,XeSap,XeSap,XeSap,XeSap,XeSap,XeSap,XeSap
xs33,XeSap,XeSap,XeSap,XeSap,XeSap,XeSap,XeSap,XeSap,XeSap,XeSap,XeSap,XeSap,XeSap,XeSap,XeSap,XeSap,XeSap,XeSap,XeSap,XeSap,XeSap,XeSap,XeSap,XeSap,XeSap,XeSap,XeSap,XeSap,XeSap,XeSap,XeSap,XeSap,XeSap
xs35,XeSap,XeSap,XeSap,XeSap,XeSap,XeSap,XeSap,XeSap,XeSap,XeSap,XeSap,XeSap,XeSap,XeSap,XeSap,XeSap,XeSap,XeSap,XeSap,XeSap,XeSap,XeSap,XeSap,XeSap,XeSap,XeSap,XeSap,XeSap,XeSap,XeSap,XeSap,XeSap,XeSap
xs36,XeSap,XeSap,XeSap,XeSap,XeSap,XeSap,XeSap,XeSap,XeSap,XeSap,XeSap,XeSap,XeSap,XeSap,XeSap,XeSap,XeSap,XeSap,XeSap,XeSap,XeSap,XeSap,XeSap,XeSap,XeSap,XeSap,XeSap,XeSap,XeSap,XeSap,XeSap,XeSap,XeSap
xs37,XeSap,XeSap,XeSap,XeSap,XeSap,XeSap,XeSap,XeSap,XeSap,XeSap,XeSap,XeSap,XeSap,XeSap,XeSap,XeSap,XeSap,XeSap,XeSap,XeSap,XeSap,XeSap,XeSap,XeSap,XeSap,XeSap,XeSap,XeSap,XeSap,XeSap,XeSap,XeSap,XeSap
xs38,XeSap,XeSap,XeSap,XeSap,XeSap,XeSap,XeSap,XeSap,XeSap,XeSap,XeSap,XeSap,XeSap,XeSap,XeSap,XeSap,XeSap,XeSap,XeSap,XeSap,XeSap,XeSap,XeSap,XeSap,XeSap,XeSap,XeSap,XeSap,XeSap,XeSap,XeSap,XeSap,XeSap
xs40,XeSap,XeSap,XeSap,XeSap,XeSap,XeSap,XeSap,XeSap,XeSap,XeSap,XeSap,XeSap,XeSap,XeSap,XeSap,XeSap,XeSap,XeSap,XeSap,XeSap,XeSap,XeSap,XeSap,XeSap,XeSap,XeSap,XeSap,XeSap,XeSap,XeSap,XeSap,XeSap,XeSap
xs41,XeSap,XeSap,XeSap,XeSap,XeSap,XeSap,XeSap,XeSap,XeSap,XeSap,XeSap,XeSap,XeSap,XeSap,XeSap,XeSap,XeSap,XeSap,XeSap,XeSap,XeSap,XeSap,XeSap,XeSap,XeSap,XeSap,XeSap,XeSap,XeSap,XeSap,XeSap,XeSap,XeSap
xs44,XeSap,XeSap,XeSap,XeSap,XeSap,XeSap,XeSap,XeSap,XeSap,XeSap,XeSap,XeSap,XeSap,XeSap,XeSap,XeSap,XeSap,XeSap,XeSap,XeSap,XeSap,XeSap,XeSap,XeSap,XeSap,XeSap,XeSap,XeSap,XeSap,XeSap,XeSap,XeSap,XeSap
xs45,XeSap,XeSap,XeSap,XeSap,XeSap,XeSap,XeSap,XeSap,XeSap,XeSap,XeSap,XeSap,XeSap,XeSap,XeSap,XeSap,XeSap,XeSap,XeSap,XeSap,XeSap,XeSap,XeSap,XeSap,XeSap,XeSap,XeSap,XeSap,XeSap,XeSap,XeSap,XeSap,XeSap
xs46,XeSap,XeSap,XeSap,XeSap,XeSap,XeSap,XeSap,XeSap,XeSap,XeSap,XeSap,XeSap,XeSap,XeSap,XeSap,XeSap,XeSap,XeSap,XeSap,XeSap,XeSap,XeSap,XeSap,XeSap,XeSap,XeSap,XeSap,XeSap,XeSap,XeSap,XeSap,XeSap,XeSap
xs48,XeSap,XeSap,XeSap,XeSap,XeSap,XeSap,XeSap,XeSap,XeSap,XeSap,XeSap,XeSap,XeSap,XeSap,XeSap,XeSap,XeSap,XeSap,XeSap,XeSap,XeSap,XeSap,XeSap,XeSap,XeSap,XeSap,XeSap,XeSap,XeSap,XeSap,XeSap,XeSap,XeSap
xs49,XeSap,XeSap,XeSap,XeSap,XeSap,XeSap,XeSap,XeSap,XeSap,XeSap,XeSap,XeSap,XeSap,XeSap,XeSap,XeSap,XeSap,XeSap,XeSap,XeSap,XeSap,XeSap,XeSap,XeSap,XeSap,XeSap,XeSap,XeSap,XeSap,XeSap,XeSap,XeSap,XeSap
xs50,XeSap,XeSap,XeSap,XeSap,XeSap,XeSap,XeSap,XeSap,XeSap,XeSap,XeSap,XeSap,XeSap,XeSap,XeSap,XeSap,XeSap,XeSap,XeSap,XeSap,XeSap,XeSap,XeSap,XeSap,XeSap,XeSap,XeSap,XeSap,XeSap,XeSap,XeSap,XeSap,XeSap
xs51,XeSap,XeSap,XeSap,XeSap,XeSap,XeSap,XeSap,XeSap,XeSap,XeSap,XeSap,XeSap,XeSap,XeSap,XeSap,XeSap,XeSap,XeSap,XeSap,XeSap,XeSap,XeSap,XeSap,XeSap,XeSap,XeSap,XeSap,XeSap,XeSap,XeSap,XeSap,XeSap,XeSap
pdc05,PDNR,PDNR,PDNR,PDNR,PDNR,PDNR,PDNR,PDNR,PDNR,PDNR,PDNR,PDNR,PDNR,PDNR,PDNR,PDNR,PDNR,PDNR,PDNR,PDNR,PDNR,PDNR,PDNR,PDNR,PDNR,PDNR,PDNR,PDNR,PDNR,PDNR,PDNR,PDNR,PDNR
pdc06,PDNR,PDNR,PDNR,PDNR,PDNR,PDNR,PDNR,PDNR,PDNR,PDNR,PDNR,PDNR,PDNR,PDNR,PDNR,PDNR,PDNR,PDNR,PDNR,PDNR,PDNR,PDNR,PDNR,PDNR,PDNR,PDNR,PDNR,PDNR,PDNR,PDNR,PDNR,PDNR,PDNR
pdc07,PDNR,PDNR,PDNR,PDNR,PDNR,PDNR,PDNR,PDNR,PDNR,PDNR,PDNR,PDNR,PDNR,PDNR,PDNR,PDNR,PDNR,PDNR,PDNR,PDNR,PDNR,PDNR,PDNR,PDNR,PDNR,PDNR,PDNR,PDNR,PDNR,PDNR,PDNR,PDNR,PDNR
pdc08,PDNR,PDNR,PDNR,PDNR,PDNR,PDNR,PDNR,PDNR,PDNR,PDNR,PDNR,PDNR,PDNR,PDNR,PDNR,PDNR,PDNR,PDNR,PDNR,PDNR,PDNR,PDNR,PDNR,PDNR,PDNR,PDNR,PDNR,PDNR,PDNR,PDNR,PDNR,PDNR,PDNR
pdc09,PDNR,PDNR,PDNR,PDNR,PDNR,PDNR,PDNR,PDNR,PDNR,PDNR,PDNR,PDNR,PDNR,PDNR,PDNR,PDNR,PDNR,PDNR,PDNR,PDNR,PDNR,PDNR,PDNR,PDNR,PDNR,PDNR,PDNR,PDNR,PDNR,PDNR,PDNR,PDNR,PDNR
pdc10,PDNR,PDNR,PDNR,PDNR,PDNR,PDNR,PDNR,PDNR,PDNR,PDNR,PDNR,PDNR,PDNR,PDNR,PDNR,PDNR,PDNR,PDNR,PDNR,PDNR,PDNR,PDNR,PDNR,PDNR,PDNR,PDNR,PDNR,PDNR,PDNR,PDNR,PDNR,PDNR,PDNR
pdc11,PDNR,PDNR,PDNR,PDNR,PDNR,PDNR,PDNR,PDNR,PDNR,PDNR,PDNR,PDNR,PDNR,PDNR,PDNR,PDNR,PDNR,PDNR,PDNR,PDNR,PDNR,PDNR,PDNR,PDNR,PDNR,PDNR,PDNR,PDNR,PDNR,PDNR,PDNR,PDNR,PDNR
pdc12,PDNR,PDNR,PDNR,PDNR,PDNR,PDNR,PDNR,PDNR,PDNR,PDNR,PDNR,PDNR,PDNR,PDNR,PDNR,PDNR,PDNR,PDNR,PDNR,PDNR,PDNR,PDNR,PDNR,PDNR,PDNR,PDNR,PDNR,PDNR,PDNR,PDNR,PDNR,PDNR,PDNR
pdc13,PDNR,PDNR,PDNR,PDNR,PDNR,PDNR,PDNR,PDNR,PDNR,PDNR,PDNR,PDNR,PDNR,PDNR,PDNR,PDNR,PDNR,PDNR,PDNR,PDNR,PDNR,PDNR,PDNR,PDNR,PDNR,PDNR,PDNR,PDNR,PDNR,PDNR,PDNR,PDNR,PDNR
pdc14,PDNR,PDNR,PDNR,PDNR,PDNR,PDNR,PDNR,PDNR,PDNR,PDNR,PDNR,PDNR,PDNR,PDNR,PDNR,PDNR,PDNR,PDNR,PDNR,PDNR,PDNR,PDNR,PDNR,PDNR,PDNR,PDNR,PDNR,PDNR,PDNR,PDNR,PDNR,PDNR,PDNR
pdc15,PDNR,PDNR,PDNR,PDNR,PDNR,PDNR,PDNR,PDNR,PDNR,PDNR,PDNR,PDNR,PDNR,PDNR,PDNR,PDNR,PDNR,PDNR,PDNR,PDNR,PDNR,PDNR,PDNR,PDNR,PDNR,PDNR,PDNR,PDNR,PDNR,PDNR,PDNR,PDNR,PDNR
pdc16,PDNR,PDNR,PDNR,PDNR,PDNR,PDNR,PDNR,PDNR,PDNR,PDNR,PDNR,PDNR,PDNR,PDNR,PDNR,PDNR,PDNR,PDNR,PDNR,PDNR,PDNR,PDNR,PDNR,PDNR,PDNR,PDNR,PDNR,PDNR,PDNR,PDNR,PDNR,PDNR,PDNR
pdc17,PDNR,PDNR,PDNR,PDNR,PDNR,PDNR,PDNR,PDNR,PDNR,PDNR,PDNR,PDNR,PDNR,PDNR,PDNR,PDNR,PDNR,PDNR,PDNR,PDNR,PDNR,PDNR,PDNR,PDNR,PDNR,PDNR,PDNR,PDNR,PDNR,PDNR,PDNR,PDNR,PDNR
pdc20,PDNR,PDNR,PDNR,PDNR,PDNR,PDNR,PDNR,PDNR,PDNR,PDNR,PDNR,PDNR,PDNR,PDNR,PDNR,PDNR,PDNR,PDNR,PDNR,PDNR,PDNR,PDNR,PDNR,PDNR,PDNR,PDNR,PDNR,PDNR,PDNR,PDNR,PDNR,PDNR,PDNR
pdc21,PDNR,PDNR,PDNR,PDNR,PDNR,PDNR,PDNR,PDNR,PDNR,PDNR,PDNR,PDNR,PDNR,PDNR,PDNR,PDNR,PDNR,PDNR,PDNR,PDNR,PDNR,PDNR,PDNR,PDNR,PDNR,PDNR,PDNR,PDNR,PDNR,PDNR,PDNR,PDNR,PDNR
pdc22,PDNR,PDNR,PDNR,PDNR,PDNR,PDNR,PDNR,PDNR,PDNR,PDNR,PDNR,PDNR,PDNR,PDNR,PDNR,PDNR,PDNR,PDNR,PDNR,PDNR,PDNR,PDNR,PDNR,PDNR,PDNR,PDNR,PDNR,PDNR,PDNR,PDNR,PDNR,PDNR,PDNR
pdc23,PDNR,PDNR,PDNR,PDNR,PDNR,PDNR,PDNR,PDNR,PDNR,PDNR,PDNR,PDNR,PDNR,PDNR,PDNR,PDNR,PDNR,PDNR,PDNR,PDNR,PDNR,PDNR,PDNR,PDNR,PDNR,PDNR,PDNR,PDNR,PDNR,PDNR,PDNR,PDNR,PDNR
pdc24,PDNR,PDNR,PDNR,PDNR,PDNR,PDNR,PDNR,PDNR,PDNR,PDNR,PDNR,PDNR,PDNR,PDNR,PDNR,PDNR,PDNR,PDNR,PDNR,PDNR,PDNR,PDNR,PDNR,PDNR,PDNR,PDNR,PDNR,PDNR,PDNR,PDNR,PDNR,PDNR,PDNR
pdc25,PDNR,PDNR,PDNR,PDNR,PDNR,PDNR,PDNR,PDNR,PDNR,PDNR,PDNR,PDNR,PDNR,PDNR,PDNR,PDNR,PDNR,PDNR,PDNR,PDNR,PDNR,PDNR,PDNR,PDNR,PDNR,PDNR,PDNR,PDNR,PDNR,PDNR,PDNR,PDNR,PDNR
pdc26,PDNR,PDNR,PDNR,PDNR,PDNR,PDNR,PDNR,PDNR,PDNR,PDNR,PDNR,PDNR,PDNR,PDNR,PDNR,PDNR,PDNR,PDNR,PDNR,PDNR,PDNR,PDNR,PDNR,PDNR,PDNR,PDNR,PDNR,PDNR,PDNR,PDNR,PDNR,PDNR,PDNR
pdc27,PDNR,PDNR,PDNR,PDNR,PDNR,PDNR,PDNR,PDNR,PDNR,PDNR,PDNR,PDNR,PDNR,PDNR,PDNR,PDNR,PDNR,PDNR,PDNR,PDNR,PDNR,PDNR,PDNR,PDNR,PDNR,PDNR,PDNR,PDNR,PDNR,PDNR,PDNR,PDNR,PDNR
pdc28,PDNR,PDNR,PDNR,PDNR,PDNR,PDNR,PDNR,PDNR,PDNR,PDNR,PDNR,PDNR,PDNR,PDNR,PDNR,PDNR,PDNR,PDNR,PDNR,PDNR,PDNR,PDNR,PDNR,PDNR,PDNR,PDNR,PDNR,PDNR,PDNR,PDNR,PDNR,PDNR,PDNR
pdc29,PDNR,PDNR,PDNR,PDNR,PDNR,PDNR,PDNR,PDNR,PDNR,PDNR,PDNR,PDNR,PDNR,PDNR,PDNR,PDNR,PDNR,PDNR,PDNR,PDNR,PDNR,PDNR,PDNR,PDNR,PDNR,PDNR,PDNR,PDNR,PDNR,PDNR,PDNR,PDNR,PDNR
pdc30,PDNR,PDNR,PDNR,PDNR,PDNR,PDNR,PDNR,PDNR,PDNR,PDNR,PDNR,PDNR,PDNR,PDNR,PDNR,PDNR,PDNR,PDNR,PDNR,PDNR,PDNR,PDNR,PDNR,PDNR,PDNR,PDNR,PDNR,PDNR,PDNR,PDNR,PDNR,PDNR,PDNR
pdc31,PDNR,PDNR,PDNR,PDNR,PDNR,PDNR,PDNR,PDNR,PDNR,PDNR,PDNR,PDNR,PDNR,PDNR,PDNR,PDNR,PDNR,PDNR,PDNR,PDNR,PDNR,PDNR,PDNR,PDNR,PDNR,PDNR,PDNR,PDNR,PDNR,PDNR,PDNR,PDNR,PDNR
pdc32,PDNR,PDNR,PDNR,PDNR,PDNR,PDNR,PDNR,PDNR,PDNR,PDNR,PDNR,PDNR,PDNR,PDNR,PDNR,PDNR,PDNR,PDNR,PDNR,PDNR,PDNR,PDNR,PDNR,PDNR,PDNR,PDNR,PDNR,PDNR,PDNR,PDNR,PDNR,PDNR,PDNR
pdc33,PDNR,PDNR,PDNR,PDNR,PDNR,PDNR,PDNR,PDNR,PDNR,PDNR,PDNR,PDNR,PDNR,PDNR,PDNR,PDNR,PDNR,PDNR,PDNR,PDNR,PDNR,PDNR,PDNR,PDNR,PDNR,PDNR,PDNR,PDNR,PDNR,PDNR,PDNR,PDNR,PDNR
pdc34,PDNR,PDNR,PDNR,PDNR,PDNR,PDNR,PDNR,PDNR,PDNR,PDNR,PDNR,PDNR,PDNR,PDNR,PDNR,PDNR,PDNR,PDNR,PDNR,PDNR,PDNR,PDNR,PDNR,PDNR,PDNR,PDNR,PDNR,PDNR,PDNR,PDNR,PDNR,PDNR,PDNR
pdc35,PDNR,PDNR,PDNR,PDNR,PDNR,PDNR,PDNR,PDNR,PDNR,PDNR,PDNR,PDNR,PDNR,PDNR,PDNR,PDNR,PDNR,PDNR,PDNR,PDNR,PDNR,PDNR,PDNR,PDNR,PDNR,PDNR,PDNR,PDNR,PDNR,PDNR,PDNR,PDNR,PDNR
pdc36,PDNR,PDNR,PDNR,PDNR,PDNR,PDNR,PDNR,PDNR,PDNR,PDNR,PDNR,PDNR,PDNR,PDNR,PDNR,PDNR,PDNR,PDNR,PDNR,PDNR,PDNR,PDNR,PDNR,PDNR,PDNR,PDNR,PDNR,PDNR,PDNR,PDNR,PDNR,PDNR,PDNR
pdc37,PDNR,PDNR,PDNR,PDNR,PDNR,PDNR,PDNR,PDNR,PDNR,PDNR,PDNR,PDNR,PDNR,PDNR,PDNR,PDNR,PDNR,PDNR,PDNR,PDNR,PDNR,PDNR,PDNR,PDNR,PDNR,PDNR,PDNR,PDNR,PDNR,PDNR,PDNR,PDNR,PDNR
pdc38,PDNR,PDNR,PDNR,PDNR,PDNR,PDNR,PDNR,PDNR,PDNR,PDNR,PDNR,PDNR,PDNR,PDNR,PDNR,PDNR,PDNR,PDNR,PDNR,PDNR,PDNR,PDNR,PDNR,PDNR,PDNR,PDNR,PDNR,PDNR,PDNR,PDNR,PDNR,PDNR,PDNR
pdc39,PDNR,PDNR,PDNR,PDNR,PDNR,PDNR,PDNR,PDNR,PDNR,PDNR,PDNR,PDNR,PDNR,PDNR,PDNR,PDNR,PDNR,PDNR,PDNR,PDNR,PDNR,PDNR,PDNR,PDNR,PDNR,PDNR,PDNR,PDNR,PDNR,PDNR,PDNR,PDNR,PDNR
pdc40,PDNR,PDNR,PDNR,PDNR,PDNR,PDNR,PDNR,PDNR,PDNR,PDNR,PDNR,PDNR,PDNR,PDNR,PDNR,PDNR,PDNR,PDNR,PDNR,PDNR,PDNR,PDNR,PDNR,PDNR,PDNR,PDNR,PDNR,PDNR,PDNR,PDNR,PDNR,PDNR,PDNR
pdc41,PDNR,PDNR,PDNR,PDNR,PDNR,PDNR,PDNR,PDNR,PDNR,PDNR,PDNR,PDNR,PDNR,PDNR,PDNR,PDNR,PDNR,PDNR,PDNR,PDNR,PDNR,PDNR,PDNR,PDNR,PDNR,PDNR,PDNR,PDNR,PDNR,PDNR,PDNR,PDNR,PDNR
pdc42,PDNR,PDNR,PDNR,PDNR,PDNR,PDNR,PDNR,PDNR,PDNR,PDNR,PDNR,PDNR,PDNR,PDNR,PDNR,PDNR,PDNR,PDNR,PDNR,PDNR,PDNR,PDNR,PDNR,PDNR,PDNR,PDNR,PDNR,PDNR,PDNR,PDNR,PDNR,PDNR,PDNR
pdc44,PDNR,PDNR,PDNR,PDNR,PDNR,PDNR,PDNR,PDNR,PDNR,PDNR,PDNR,PDNR,PDNR,PDNR,PDNR,PDNR,PDNR,PDNR,PDNR,PDNR,PDNR,PDNR,PDNR,PDNR,PDNR,PDNR,PDNR,PDNR,PDNR,PDNR,PDNR,PDNR,PDNR
pdc45,PDNR,PDNR,PDNR,PDNR,PDNR,PDNR,PDNR,PDNR,PDNR,PDNR,PDNR,PDNR,PDNR,PDNR,PDNR,PDNR,PDNR,PDNR,PDNR,PDNR,PDNR,PDNR,PDNR,PDNR,PDNR,PDNR,PDNR,PDNR,PDNR,PDNR,PDNR,PDNR,PDNR
pdc46,PDNR,PDNR,PDNR,PDNR,PDNR,PDNR,PDNR,PDNR,PDNR,PDNR,PDNR,PDNR,PDNR,PDNR,PDNR,PDNR,PDNR,PDNR,PDNR,PDNR,PDNR,PDNR,PDNR,PDNR,PDNR,PDNR,PDNR,PDNR,PDNR,PDNR,PDNR,PDNR,PDNR
pdc47,PDNR,PDNR,PDNR,PDNR,PDNR,PDNR,PDNR,PDNR,PDNR,PDNR,PDNR,PDNR,PDNR,PDNR,PDNR,PDNR,PDNR,PDNR,PDNR,PDNR,PDNR,PDNR,PDNR,PDNR,PDNR,PDNR,PDNR,PDNR,PDNR,PDNR,PDNR,PDNR,PDNR
pdc49,PDNR,PDNR,PDNR,PDNR,PDNR,PDNR,PDNR,PDNR,PDNR,PDNR,PDNR,PDNR,PDNR,PDNR,PDNR,PDNR,PDNR,PDNR,PDNR,PDNR,PDNR,PDNR,PDNR,PDNR,PDNR,PDNR,PDNR,PDNR,PDNR,PDNR,PDNR,PDNR,PDNR
pdc50,PDNR,PDNR,PDNR,PDNR,PDNR,PDNR,PDNR,PDNR,PDNR,PDNR,PDNR,PDNR,PDNR,PDNR,PDNR,PDNR,PDNR,PDNR,PDNR,PDNR,PDNR,PDNR,PDNR,PDNR,PDNR,PDNR,PDNR,PDNR,PDNR,PDNR,PDNR,PDNR,PDNR
pdc51,PDNR,PDNR,PDNR,PDNR,PDNR,PDNR,PDNR,PDNR,PDNR,PDNR,PDNR,PDNR,PDNR,PDNR,PDNR,PDNR,PDNR,PDNR,PDNR,PDNR,PDNR,PDNR,PDNR,PDNR,PDNR,PDNR,PDNR,PDNR,PDNR,PDNR,PDNR,PDNR,PDNR
pdc52,PDNR,PDNR,PDNR,PDNR,PDNR,PDNR,PDNR,PDNR,PDNR,PDNR,PDNR,PDNR,PDNR,PDNR,PDNR,PDNR,PDNR,PDNR,PDNR,PDNR,PDNR,PDNR,PDNR,PDNR,PDNR,PDNR,PDNR,PDNR,PDNR,PDNR,PDNR,PDNR,PDNR
pdc53,PDNR,PDNR,PDNR,PDNR,PDNR,PDNR,PDNR,PDNR,PDNR,PDNR,PDNR,PDNR,PDNR,PDNR,PDNR,PDNR,PDNR,PDNR,PDNR,PDNR,PDNR,PDNR,PDNR,PDNR,PDNR,PDNR,PDNR,PDNR,PDNR,PDNR,PDNR,PDNR,PDNR
pdc54,PDNR,PDNR,PDNR,PDNR,PDNR,PDNR,PDNR,PDNR,PDNR,PDNR,PDNR,PDNR,PDNR,PDNR,PDNR,PDNR,PDNR,PDNR,PDNR,PDNR,PDNR,PDNR,PDNR,PDNR,PDNR,PDNR,PDNR,PDNR,PDNR,PDNR,PDNR,PDNR,PDNR
pdc56,PDNR,PDNR,PDNR,PDNR,PDNR,PDNR,PDNR,PDNR,PDNR,PDNR,PDNR,PDNR,PDNR,PDNR,PDNR,PDNR,PDNR,PDNR,PDNR,PDNR,PDNR,PDNR,PDNR,PDNR,PDNR,PDNR,PDNR,PDNR,PDNR,PDNR,PDNR,PDNR,PDNR
pdc57,PDNR,PDNR,PDNR,PDNR,PDNR,PDNR,PDNR,PDNR,PDNR,PDNR,PDNR,PDNR,PDNR,PDNR,PDNR,PDNR,PDNR,PDNR,PDNR,PDNR,PDNR,PDNR,PDNR,PDNR,PDNR,PDNR,PDNR,PDNR,PDNR,PDNR,PDNR,PDNR,PDNR
pdc58,PDNR,PDNR,PDNR,PDNR,PDNR,PDNR,PDNR,PDNR,PDNR,PDNR,PDNR,PDNR,PDNR,PDNR,PDNR,PDNR,PDNR,PDNR,PDNR,PDNR,PDNR,PDNR,PDNR,PDNR,PDNR,PDNR,PDNR,PDNR,PDNR,PDNR,PDNR,PDNR,PDNR
pdc61,PDNR,PDNR,PDNR,PDNR,PDNR,PDNR,PDNR,PDNR,PDNR,PDNR,PDNR,PDNR,PDNR,PDNR,PDNR,PDNR,PDNR,PDNR,PDNR,PDNR,PDNR,PDNR,PDNR,PDNR,PDNR,PDNR,PDNR,PDNR,PDNR,PDNR,PDNR,PDNR,PDNR
pdc62,PDNR,PDNR,PDNR,PDNR,PDNR,PDNR,PDNR,PDNR,PDNR,PDNR,PDNR,PDNR,PDNR,PDNR,PDNR,PDNR,PDNR,PDNR,PDNR,PDNR,PDNR,PDNR,PDNR,PDNR,PDNR,PDNR,PDNR,PDNR,PDNR,PDNR,PDNR,PDNR,PDNR
